<?xml version="1.0" encoding="utf-16"?>
<Level width="2">
  <Camera x="0" y="-1" minWidth="25" maxWidth="35" />
  <Score highScore="0" />
  <Birds>
    <Bird type="BirdRed"/>
  </Birds>
  <Slingshot x="-12.0" y="-2.5" />
  <GameObjects>
    <Pig type="BasicSmall" material="" x="5.2984" y="-2.6959" rotation="1.0769" />
    <Block type="Circle" material="wood" x="5.2225" y="-1.2987" rotation="359.8677" />
    <Platform type="Platform" material="" x="5.2906" y="-3.1772" rotation="0.0" scaleX="2.089" scaleY="0.763" />
    <Platform type="Platform" material="" x="5.2626" y="-1.9332" rotation="0.0" scaleX="2.089" scaleY="0.763" />
    <Block type="SquareSmall" material="stone" x="-6.4898" y="-3.285" rotation="0" />
    <Block type="Circle" material="ice" x="-4.2675" y="-3.1" rotation="0" />
    <Block type="TriangleHole" material="stone" x="8.0979" y="-3.09" rotation="0" />
  </GameObjects>
</Level>
