<?xml version="1.0" encoding="utf-16"?>
<Level width="2">
  <Camera x="0" y="-1" minWidth="25" maxWidth="35" />
  <Score highScore="0" />
  <Birds>
    <Bird type="BirdRed"/>
  </Birds>
  <Slingshot x="-12.0" y="-2.5" />
  <GameObjects>
    <Pig type="BasicSmall" material="" x="2.7324" y="1.7677" rotation="1.0769" />
    <Block type="Circle" material="wood" x="2.6565" y="3.165" rotation="359.8677" />
    <Platform type="Platform" material="" x="2.7247" y="1.2864" rotation="0.0" scaleX="2.089" scaleY="0.763" />
    <Platform type="Platform" material="" x="2.6967" y="2.5304" rotation="0.0" scaleX="2.089" scaleY="0.763" />
    <Block type="Triangle" material="stone" x="0.6558" y="-3.09" rotation="0" />
    <Block type="RectBig" material="wood" x="-4.2691" y="-3.39" rotation="0" />
    <Platform type="Platform" material="" x="3.3598" y="-3.18" rotation="0" scaleX="1.0" scaleY="1.0" />
  </GameObjects>
</Level>
