<?xml version="1.0" encoding="utf-16"?>
<Level width="2">
  <Camera x="0" y="-1" minWidth="25" maxWidth="35" />
  <Score highScore="0" />
  <Birds>
    <Bird type="BirdRed"/>
  </Birds>
  <Slingshot x="-12.0" y="-2.5" />
  <GameObjects>
    <Pig type="BasicSmall" material="" x="-4.0232" y="-0.5747" rotation="1.0769" />
    <Block type="Circle" material="wood" x="-4.0991" y="0.8225" rotation="359.8677" />
    <Platform type="Platform" material="" x="-4.031" y="-1.056" rotation="0.0" scaleX="2.089" scaleY="0.763" />
    <Platform type="Platform" material="" x="-4.059" y="0.188" rotation="0.0" scaleX="2.089" scaleY="0.763" />
    <Block type="RectFat" material="ice" x="4.2231" y="-3.285" rotation="0" />
    <Block type="RectSmall" material="stone" x="-2.3563" y="-3.39" rotation="0" />
    <Block type="RectMedium" material="stone" x="0.69" y="-3.39" rotation="0" />
  </GameObjects>
</Level>
