<?xml version="1.0" encoding="utf-16"?>
<Level width="2">
  <Camera x="0" y="-1" minWidth="25" maxWidth="35" />
  <Score highScore="0" />
  <Birds>
    <Bird type="BirdRed"/>
  </Birds>
  <Slingshot x="-12.0" y="-2.5" />
  <GameObjects>
    <Pig type="BasicSmall" material="" x="4.167" y="0.5413" rotation="1.0769" />
    <Block type="Circle" material="wood" x="4.0911" y="1.9385" rotation="359.8677" />
    <Platform type="Platform" material="" x="4.1593" y="0.06" rotation="0.0" scaleX="2.089" scaleY="0.763" />
    <Platform type="Platform" material="" x="4.1313" y="1.304" rotation="0.0" scaleX="2.089" scaleY="0.763" />
    <Block type="RectTiny" material="wood" x="-3.3289" y="-3.39" rotation="0" />
    <Block type="RectMedium" material="wood" x="1.5151" y="-3.39" rotation="0" />
    <Block type="Circle" material="stone" x="-5.1442" y="-3.1" rotation="0" />
  </GameObjects>
</Level>
