<?xml version="1.0" encoding="utf-16"?>
<Level width="2">
  <Camera x="0" y="-1" minWidth="25" maxWidth="35" />
  <Score highScore="0" />
  <Birds>
    <Bird type="BirdRed"/>
  </Birds>
  <Slingshot x="-12.0" y="-2.5" />
  <GameObjects>
    <Pig type="BasicSmall" material="" x="1.2657" y="-0.1289" rotation="1.0769" />
    <Block type="Circle" material="wood" x="1.1898" y="1.2684" rotation="359.8677" />
    <Platform type="Platform" material="" x="1.258" y="-0.6101" rotation="0.0" scaleX="2.089" scaleY="0.763" />
    <Platform type="Platform" material="" x="1.23" y="0.6339" rotation="0.0" scaleX="2.089" scaleY="0.763" />
    <Block type="Triangle" material="wood" x="-4.2801" y="-3.09" rotation="0" />
    <Block type="Triangle" material="wood" x="0.3764" y="-3.09" rotation="0" />
    <Block type="SquareHole" material="wood" x="-9.2573" y="-3.08" rotation="0" />
  </GameObjects>
</Level>
