<?xml version="1.0" encoding="utf-16"?>
<Level width="2">
  <Camera x="0" y="-1" minWidth="25" maxWidth="35" />
  <Score highScore="0" />
  <Birds>
    <Bird type="BirdRed"/>
  </Birds>
  <Slingshot x="-12.0" y="-2.5" />
  <GameObjects>
    <Pig type="BasicSmall" material="" x="-4.6301" y="0.141" rotation="1.0769" />
    <Block type="Circle" material="wood" x="-4.706" y="1.5383" rotation="359.8677" />
    <Platform type="Platform" material="" x="-4.6378" y="-0.3402" rotation="0.0" scaleX="2.089" scaleY="0.763" />
    <Platform type="Platform" material="" x="-4.6658" y="0.9038" rotation="0.0" scaleX="2.089" scaleY="0.763" />
    <Block type="SquareHole" material="stone" x="6.2224" y="-3.08" rotation="0" />
    <Block type="SquareSmall" material="ice" x="0.8603" y="-3.285" rotation="0" />
    <Block type="RectSmall" material="stone" x="3.8407" y="-3.39" rotation="0" />
  </GameObjects>
</Level>
