<?xml version="1.0" encoding="utf-16"?>
<Level width="2">
  <Camera x="0" y="-1" minWidth="25" maxWidth="35" />
  <Score highScore="0" />
  <Birds>
    <Bird type="BirdRed"/>
  </Birds>
  <Slingshot x="-12.0" y="-2.5" />
  <GameObjects>
    <Pig type="BasicSmall" material="" x="0.3182" y="2.7479" rotation="1.0769" />
    <Block type="Circle" material="wood" x="0.2423" y="4.1452" rotation="359.8677" />
    <Platform type="Platform" material="" x="0.3105" y="2.2667" rotation="0.0" scaleX="2.089" scaleY="0.763" />
    <Platform type="Platform" material="" x="0.2825" y="3.5107" rotation="0.0" scaleX="2.089" scaleY="0.763" />
    <Block type="CircleSmall" material="wood" x="-1.9314" y="-3.275" rotation="0" />
    <Block type="Circle" material="stone" x="6.9264" y="-3.1" rotation="0" />
    <Block type="RectSmall" material="ice" x="-9.2421" y="-3.39" rotation="0" />
  </GameObjects>
</Level>
