<?xml version="1.0" encoding="utf-16"?>
<Level width="2">
  <Camera x="0" y="-1" minWidth="25" maxWidth="35" />
  <Score highScore="0" />
  <Birds>
    <Bird type="BirdRed"/>
  </Birds>
  <Slingshot x="-12.0" y="-2.5" />
  <GameObjects>
    <Pig type="BasicSmall" material="" x="-3.6719" y="-1.703" rotation="1.0769" />
    <Block type="Circle" material="wood" x="-3.7478" y="-0.3058" rotation="359.8677" />
    <Platform type="Platform" material="" x="-3.6796" y="-2.1843" rotation="0.0" scaleX="2.089" scaleY="0.763" />
    <Platform type="Platform" material="" x="-3.7076" y="-0.9403" rotation="0.0" scaleX="2.089" scaleY="0.763" />
    <Block type="Circle" material="ice" x="-8.4156" y="-3.1" rotation="0" />
    <Block type="RectBig" material="ice" x="-4.188" y="-3.39" rotation="0" />
    <Block type="RectBig" material="wood" x="-0.1603" y="-3.39" rotation="0" />
  </GameObjects>
</Level>
