<?xml version="1.0" encoding="utf-16"?>
<Level width="2">
  <Camera x="0" y="-1" minWidth="25" maxWidth="35" />
  <Score highScore="0" />
  <Birds>
    <Bird type="BirdRed"/>
  </Birds>
  <Slingshot x="-12.0" y="-2.5" />
  <GameObjects>
    <Pig type="BasicSmall" material="" x="4.1857" y="1.1841" rotation="1.0769" />
    <Block type="Circle" material="wood" x="4.1098" y="2.5814" rotation="359.8677" />
    <Platform type="Platform" material="" x="4.178" y="0.7029" rotation="0.0" scaleX="2.089" scaleY="0.763" />
    <Platform type="Platform" material="" x="4.15" y="1.9469" rotation="0.0" scaleX="2.089" scaleY="0.763" />
    <Block type="Triangle" material="stone" x="-4.1981" y="-3.09" rotation="0" />
    <Block type="RectBig" material="ice" x="-7.9297" y="-3.39" rotation="0" />
    <Block type="Circle" material="ice" x="1.0277" y="-3.1" rotation="0" />
  </GameObjects>
</Level>
