<?xml version="1.0" encoding="utf-16"?>
<Level width="2">
  <Camera x="0" y="-1" minWidth="25" maxWidth="35" />
  <Score highScore="0" />
  <Birds>
    <Bird type="BirdRed"/>
  </Birds>
  <Slingshot x="-12.0" y="-2.5" />
  <GameObjects>
    <Pig type="BasicSmall" material="" x="5.9524" y="-2.2736" rotation="1.0769" />
    <Block type="Circle" material="wood" x="5.8765" y="-0.8764" rotation="359.8677" />
    <Platform type="Platform" material="" x="5.9446" y="-2.7549" rotation="0.0" scaleX="2.089" scaleY="0.763" />
    <Platform type="Platform" material="" x="5.9166" y="-1.5109" rotation="0.0" scaleX="2.089" scaleY="0.763" />
    <Block type="SquareSmall" material="ice" x="0.7611" y="-3.285" rotation="0" />
    <Block type="RectBig" material="stone" x="-4.2995" y="-3.39" rotation="0" />
    <Block type="SquareHole" material="ice" x="-7.0537" y="-3.08" rotation="0" />
  </GameObjects>
</Level>
