<?xml version="1.0" encoding="utf-16"?>
<Level width="2">
  <Camera x="0" y="-1" minWidth="25" maxWidth="35" />
  <Score highScore="0" />
  <Birds>
    <Bird type="BirdRed"/>
  </Birds>
  <Slingshot x="-12.0" y="-2.5" />
  <GameObjects>
    <Pig type="BasicSmall" material="" x="-3.9659" y="1.5298" rotation="1.0769" />
    <Block type="Circle" material="wood" x="-4.0418" y="2.9271" rotation="359.8677" />
    <Platform type="Platform" material="" x="-3.9736" y="1.0485" rotation="0.0" scaleX="2.089" scaleY="0.763" />
    <Platform type="Platform" material="" x="-4.0016" y="2.2925" rotation="0.0" scaleX="2.089" scaleY="0.763" />
    <Block type="RectFat" material="wood" x="8.2803" y="-3.285" rotation="0" />
    <Block type="RectSmall" material="stone" x="0.3438" y="-3.39" rotation="0" />
    <Block type="RectFat" material="stone" x="-3.8266" y="-3.285" rotation="0" />
  </GameObjects>
</Level>
