<?xml version="1.0" encoding="utf-16"?>
<Level width="2">
  <Camera x="0" y="-1" minWidth="25" maxWidth="35" />
  <Score highScore="0" />
  <Birds>
    <Bird type="BirdRed"/>
  </Birds>
  <Slingshot x="-12.0" y="-2.5" />
  <GameObjects>
    <Pig type="BasicSmall" material="" x="-0.1372" y="1.8645" rotation="1.0769" />
    <Block type="Circle" material="wood" x="-0.2131" y="3.2618" rotation="359.8677" />
    <Platform type="Platform" material="" x="-0.145" y="1.3832" rotation="0.0" scaleX="2.089" scaleY="0.763" />
    <Platform type="Platform" material="" x="-0.173" y="2.6272" rotation="0.0" scaleX="2.089" scaleY="0.763" />
    <Block type="SquareHole" material="stone" x="6.4076" y="-3.08" rotation="0" />
    <Block type="RectFat" material="stone" x="-3.4052" y="-3.285" rotation="0" />
    <Block type="RectTiny" material="wood" x="-6.8972" y="-3.39" rotation="0" />
  </GameObjects>
</Level>
