<?xml version="1.0" encoding="utf-16"?>
<Level width="2">
  <Camera x="0" y="-1" minWidth="25" maxWidth="35" />
  <Score highScore="0" />
  <Birds>
    <Bird type="BirdRed"/>
  </Birds>
  <Slingshot x="-12.0" y="-2.5" />
  <GameObjects>
    <Pig type="BasicSmall" material="" x="-2.7842" y="1.1929" rotation="1.0769" />
    <Block type="Circle" material="wood" x="-2.8601" y="2.5902" rotation="359.8677" />
    <Platform type="Platform" material="" x="-2.7919" y="0.7117" rotation="0.0" scaleX="2.089" scaleY="0.763" />
    <Platform type="Platform" material="" x="-2.8199" y="1.9557" rotation="0.0" scaleX="2.089" scaleY="0.763" />
    <Block type="SquareHole" material="stone" x="3.0119" y="-3.08" rotation="0" />
    <Block type="Circle" material="wood" x="-8.478" y="-3.1" rotation="0" />
    <Block type="CircleSmall" material="ice" x="-1.364" y="-3.275" rotation="0" />
  </GameObjects>
</Level>
