<?xml version="1.0" encoding="utf-16"?>
<Level width="2">
  <Camera x="0" y="-1" minWidth="25" maxWidth="35" />
  <Score highScore="0" />
  <Birds>
    <Bird type="BirdRed"/>
  </Birds>
  <Slingshot x="-12.0" y="-2.5" />
  <GameObjects>
    <Pig type="BasicSmall" material="" x="0.598" y="1.4423" rotation="1.0769" />
    <Block type="Circle" material="wood" x="0.5222" y="2.8396" rotation="359.8677" />
    <Platform type="Platform" material="" x="0.5903" y="0.9611" rotation="0.0" scaleX="2.089" scaleY="0.763" />
    <Platform type="Platform" material="" x="0.5623" y="2.2051" rotation="0.0" scaleX="2.089" scaleY="0.763" />
    <Block type="TriangleHole" material="stone" x="1.7679" y="-3.09" rotation="0" />
    <Block type="Circle" material="wood" x="-1.2589" y="-3.1" rotation="0" />
    <Block type="TriangleHole" material="ice" x="-6.9598" y="-3.09" rotation="0" />
  </GameObjects>
</Level>
