<?xml version="1.0" encoding="utf-16"?>
<Level width="2">
  <Camera x="0" y="-1" minWidth="25" maxWidth="35" />
  <Score highScore="0" />
  <Birds>
    <Bird type="BirdRed"/>
  </Birds>
  <Slingshot x="-12.0" y="-2.5" />
  <GameObjects>
    <Pig type="BasicSmall" material="" x="-5.4288" y="-1.496" rotation="1.0769" />
    <Block type="Circle" material="wood" x="-5.5047" y="-0.0988" rotation="359.8677" />
    <Platform type="Platform" material="" x="-5.4365" y="-1.9773" rotation="0.0" scaleX="2.089" scaleY="0.763" />
    <Platform type="Platform" material="" x="-5.4645" y="-0.7333" rotation="0.0" scaleX="2.089" scaleY="0.763" />
    <Block type="CircleSmall" material="stone" x="-0.2069" y="-3.275" rotation="0" />
    <Block type="Circle" material="stone" x="5.879" y="-3.1" rotation="0" />
    <Block type="SquareHole" material="wood" x="-4.8108" y="-3.08" rotation="0" />
  </GameObjects>
</Level>
