<?xml version="1.0" encoding="utf-16"?>
<Level width="2">
  <Camera x="0" y="-1" minWidth="25" maxWidth="35" />
  <Score highScore="0" />
  <Birds>
    <Bird type="BirdRed"/>
  </Birds>
  <Slingshot x="-12.0" y="-2.5" />
  <GameObjects>
    <Pig type="BasicSmall" material="" x="-6.6113" y="0.8801" rotation="1.0769" />
    <Block type="Circle" material="wood" x="-6.6872" y="2.2774" rotation="359.8677" />
    <Platform type="Platform" material="" x="-6.619" y="0.3989" rotation="0.0" scaleX="2.089" scaleY="0.763" />
    <Platform type="Platform" material="" x="-6.647" y="1.6429" rotation="0.0" scaleX="2.089" scaleY="0.763" />
    <Block type="SquareSmall" material="stone" x="-6.3639" y="-3.285" rotation="0" />
    <Block type="TriangleHole" material="stone" x="-2.2605" y="-3.09" rotation="0" />
    <Block type="RectSmall" material="ice" x="2.5252" y="-3.39" rotation="0" />
  </GameObjects>
</Level>
