<?xml version="1.0" encoding="utf-16"?>
<Level width="2">
  <Camera x="0" y="-1" minWidth="25" maxWidth="35" />
  <Score highScore="0" />
  <Birds>
    <Bird type="BirdRed"/>
  </Birds>
  <Slingshot x="-12.0" y="-2.5" />
  <GameObjects>
    <Pig type="BasicSmall" material="" x="1.4436" y="2.5285" rotation="1.0769" />
    <Block type="Circle" material="wood" x="1.3677" y="3.9258" rotation="359.8677" />
    <Platform type="Platform" material="" x="1.4358" y="2.0472" rotation="0.0" scaleX="2.089" scaleY="0.763" />
    <Platform type="Platform" material="" x="1.4078" y="3.2912" rotation="0.0" scaleX="2.089" scaleY="0.763" />
    <Block type="CircleSmall" material="wood" x="6.6328" y="-3.275" rotation="0" />
    <Block type="RectFat" material="wood" x="-1.8192" y="-3.285" rotation="0" />
    <Block type="RectFat" material="ice" x="5.3197" y="-3.285" rotation="0" />
  </GameObjects>
</Level>
