<?xml version="1.0" encoding="utf-16"?>
<Level width="2">
  <Camera x="0" y="-1" minWidth="25" maxWidth="35" />
  <Score highScore="0" />
  <Birds>
    <Bird type="BirdRed"/>
  </Birds>
  <Slingshot x="-12.0" y="-2.5" />
  <GameObjects>
    <Pig type="BasicSmall" material="" x="-4.3407" y="1.0837" rotation="1.0769" />
    <Block type="Circle" material="wood" x="-4.4166" y="2.481" rotation="359.8677" />
    <Platform type="Platform" material="" x="-4.3485" y="0.6024" rotation="0.0" scaleX="2.089" scaleY="0.763" />
    <Platform type="Platform" material="" x="-4.3765" y="1.8464" rotation="0.0" scaleX="2.089" scaleY="0.763" />
    <Block type="Circle" material="stone" x="-9.7979" y="-3.1" rotation="0" />
    <Block type="RectSmall" material="wood" x="6.0991" y="-3.39" rotation="0" />
    <Block type="TriangleHole" material="stone" x="3.8096" y="-3.09" rotation="0" />
  </GameObjects>
</Level>
