<?xml version="1.0" encoding="utf-16"?>
<Level width="2">
  <Camera x="0" y="-1" minWidth="25" maxWidth="35" />
  <Score highScore="0" />
  <Birds>
    <Bird type="BirdRed"/>
  </Birds>
  <Slingshot x="-12.0" y="-2.5" />
  <GameObjects>
    <Pig type="BasicSmall" material="" x="-1.0512" y="-0.1617" rotation="1.0769" />
    <Block type="Circle" material="wood" x="-1.1271" y="1.2356" rotation="359.8677" />
    <Platform type="Platform" material="" x="-1.0589" y="-0.643" rotation="0.0" scaleX="2.089" scaleY="0.763" />
    <Platform type="Platform" material="" x="-1.0869" y="0.601" rotation="0.0" scaleX="2.089" scaleY="0.763" />
    <Block type="RectTiny" material="ice" x="1.7201" y="-3.39" rotation="0" />
    <Block type="RectMedium" material="wood" x="-8.6581" y="-3.39" rotation="0" />
    <Block type="RectTiny" material="ice" x="-1.7741" y="-3.39" rotation="0" />
  </GameObjects>
</Level>
