<?xml version="1.0" encoding="utf-16"?>
<Level width="2">
  <Camera x="0" y="-1" minWidth="25" maxWidth="35" />
  <Score highScore="0" />
  <Birds>
    <Bird type="BirdRed"/>
  </Birds>
  <Slingshot x="-12.0" y="-2.5" />
  <GameObjects>
    <Pig type="BasicSmall" material="" x="-4.3241" y="-2.2608" rotation="1.0769" />
    <Block type="Circle" material="wood" x="-4.4" y="-0.8635" rotation="359.8677" />
    <Platform type="Platform" material="" x="-4.3319" y="-2.742" rotation="0.0" scaleX="2.089" scaleY="0.763" />
    <Platform type="Platform" material="" x="-4.3599" y="-1.498" rotation="0.0" scaleX="2.089" scaleY="0.763" />
    <Block type="RectFat" material="stone" x="7.4458" y="-3.285" rotation="0" />
    <Block type="Triangle" material="ice" x="-8.3074" y="-3.09" rotation="0" />
    <Block type="SquareSmall" material="ice" x="4.5075" y="-3.285" rotation="0" />
  </GameObjects>
</Level>
