<?xml version="1.0" encoding="utf-16"?>
<Level width="2">
  <Camera x="0" y="-1" minWidth="25" maxWidth="35" />
  <Score highScore="0" />
  <Birds>
    <Bird type="BirdRed"/>
  </Birds>
  <Slingshot x="-12.0" y="-2.5" />
  <GameObjects>
    <Pig type="BasicSmall" material="" x="-6.6825" y="-1.3784" rotation="1.0769" />
    <Block type="Circle" material="wood" x="-6.7584" y="0.0189" rotation="359.8677" />
    <Platform type="Platform" material="" x="-6.6902" y="-1.8596" rotation="0.0" scaleX="2.089" scaleY="0.763" />
    <Platform type="Platform" material="" x="-6.7182" y="-0.6156" rotation="0.0" scaleX="2.089" scaleY="0.763" />
    <Block type="RectFat" material="ice" x="3.6641" y="-3.285" rotation="0" />
    <Block type="Circle" material="ice" x="-6.1921" y="-3.1" rotation="0" />
    <Block type="RectBig" material="stone" x="2.1887" y="-3.39" rotation="0" />
  </GameObjects>
</Level>
