<?xml version="1.0" encoding="utf-16"?>
<Level width="2">
  <Camera x="0" y="-1" minWidth="25" maxWidth="35" />
  <Score highScore="0" />
  <Birds>
    <Bird type="BirdRed"/>
  </Birds>
  <Slingshot x="-12.0" y="-2.5" />
  <GameObjects>
    <Pig type="BasicSmall" material="" x="5.3729" y="-1.8338" rotation="1.0769" />
    <Block type="Circle" material="wood" x="5.297" y="-0.4365" rotation="359.8677" />
    <Platform type="Platform" material="" x="5.3651" y="-2.3151" rotation="0.0" scaleX="2.089" scaleY="0.763" />
    <Platform type="Platform" material="" x="5.3371" y="-1.0711" rotation="0.0" scaleX="2.089" scaleY="0.763" />
    <Block type="RectTiny" material="stone" x="-2.5954" y="-3.39" rotation="0" />
    <Block type="RectFat" material="stone" x="-8.2408" y="-3.285" rotation="0" />
    <Block type="RectSmall" material="wood" x="-0.1303" y="-3.39" rotation="0" />
  </GameObjects>
</Level>
