<?xml version="1.0" encoding="utf-16"?>
<Level width="2">
  <Camera x="0" y="-1" minWidth="25" maxWidth="35" />
  <Score highScore="0" />
  <Birds>
    <Bird type="BirdRed"/>
  </Birds>
  <Slingshot x="-12.0" y="-2.5" />
  <GameObjects>
    <Pig type="BasicSmall" material="" x="-4.266" y="1.1139" rotation="1.0769" />
    <Block type="Circle" material="wood" x="-4.3419" y="2.5112" rotation="359.8677" />
    <Platform type="Platform" material="" x="-4.2738" y="0.6327" rotation="0.0" scaleX="2.089" scaleY="0.763" />
    <Platform type="Platform" material="" x="-4.3018" y="1.8767" rotation="0.0" scaleX="2.089" scaleY="0.763" />
    <Block type="Triangle" material="ice" x="-7.985" y="-3.09" rotation="0" />
    <Block type="SquareSmall" material="ice" x="5.1311" y="-3.285" rotation="0" />
    <Block type="SquareSmall" material="wood" x="2.2234" y="-3.285" rotation="0" />
  </GameObjects>
</Level>
