<?xml version="1.0" encoding="utf-16"?>
<Level width="2">
  <Camera x="0" y="-1" minWidth="25" maxWidth="35" />
  <Score highScore="0" />
  <Birds>
    <Bird type="BirdRed"/>
  </Birds>
  <Slingshot x="-12.0" y="-2.5" />
  <GameObjects>
    <Pig type="BasicSmall" material="" x="3.0345" y="1.9545" rotation="1.0769" />
    <Block type="Circle" material="wood" x="2.9586" y="3.3518" rotation="359.8677" />
    <Platform type="Platform" material="" x="3.0268" y="1.4733" rotation="0.0" scaleX="2.089" scaleY="0.763" />
    <Platform type="Platform" material="" x="2.9988" y="2.7173" rotation="0.0" scaleX="2.089" scaleY="0.763" />
    <Block type="RectTiny" material="ice" x="4.8544" y="-3.39" rotation="0" />
    <Block type="SquareTiny" material="stone" x="8.5023" y="-3.39" rotation="0" />
    <Block type="SquareHole" material="ice" x="-9.3028" y="-3.08" rotation="0" />
  </GameObjects>
</Level>
