<?xml version="1.0" encoding="utf-16"?>
<Level width="2">
  <Camera x="0" y="-1" minWidth="25" maxWidth="35" />
  <Score highScore="0" />
  <Birds>
    <Bird type="BirdRed"/>
  </Birds>
  <Slingshot x="-12.0" y="-2.5" />
  <GameObjects>
    <Pig type="BasicSmall" material="" x="2.672" y="2.0637" rotation="1.0769" />
    <Block type="Circle" material="wood" x="2.5961" y="3.4609" rotation="359.8677" />
    <Platform type="Platform" material="" x="2.6643" y="1.5824" rotation="0.0" scaleX="2.089" scaleY="0.763" />
    <Platform type="Platform" material="" x="2.6363" y="2.8264" rotation="0.0" scaleX="2.089" scaleY="0.763" />
    <Block type="TriangleHole" material="stone" x="-5.8456" y="-3.09" rotation="0" />
    <Block type="SquareHole" material="wood" x="-7.466" y="-3.08" rotation="0" />
    <Block type="RectSmall" material="stone" x="-3.1549" y="-3.39" rotation="0" />
  </GameObjects>
</Level>
