<?xml version="1.0" encoding="utf-16"?>
<Level width="2">
  <Camera x="0" y="-1" minWidth="25" maxWidth="35" />
  <Score highScore="0" />
  <Birds>
    <Bird type="BirdRed"/>
  </Birds>
  <Slingshot x="-12.0" y="-2.5" />
  <GameObjects>
    <Pig type="BasicSmall" material="" x="-1.4049" y="-2.5142" rotation="1.0769" />
    <Block type="Circle" material="wood" x="-1.4808" y="-1.117" rotation="359.8677" />
    <Platform type="Platform" material="" x="-1.4126" y="-2.9955" rotation="0.0" scaleX="2.089" scaleY="0.763" />
    <Platform type="Platform" material="" x="-1.4406" y="-1.7515" rotation="0.0" scaleX="2.089" scaleY="0.763" />
    <Block type="RectBig" material="ice" x="1.5068" y="-3.39" rotation="0" />
    <Block type="TriangleHole" material="stone" x="-6.684" y="-3.09" rotation="0" />
    <Block type="CircleSmall" material="ice" x="-9.0692" y="-3.275" rotation="0" />
  </GameObjects>
</Level>
