<?xml version="1.0" encoding="utf-16"?>
<Level width="2">
  <Camera x="0" y="-1" minWidth="25" maxWidth="35" />
  <Score highScore="0" />
  <Birds>
    <Bird type="BirdRed"/>
  </Birds>
  <Slingshot x="-12.0" y="-2.5" />
  <GameObjects>
    <Pig type="BasicSmall" material="" x="-1.5608" y="-0.0098" rotation="1.0769" />
    <Block type="Circle" material="wood" x="-1.6367" y="1.3874" rotation="359.8677" />
    <Platform type="Platform" material="" x="-1.5685" y="-0.4911" rotation="0.0" scaleX="2.089" scaleY="0.763" />
    <Platform type="Platform" material="" x="-1.5965" y="0.7529" rotation="0.0" scaleX="2.089" scaleY="0.763" />
    <Block type="RectSmall" material="wood" x="-7.275" y="-3.39" rotation="0" />
    <Block type="SquareSmall" material="stone" x="-3.5849" y="-3.285" rotation="0" />
    <Platform type="Platform" material="" x="-9.7149" y="-3.18" rotation="0" scaleX="1.0" scaleY="1.0" />
  </GameObjects>
</Level>
