<?xml version="1.0" encoding="utf-16"?>
<Level width="2">
  <Camera x="0" y="-1" minWidth="25" maxWidth="35" />
  <Score highScore="0" />
  <Birds>
    <Bird type="BirdRed"/>
  </Birds>
  <Slingshot x="-12.0" y="-2.5" />
  <GameObjects>
    <Pig type="BasicSmall" material="" x="3.574" y="-2.081" rotation="1.0769" />
    <Block type="Circle" material="wood" x="3.4981" y="-0.6838" rotation="359.8677" />
    <Platform type="Platform" material="" x="3.5663" y="-2.5623" rotation="0.0" scaleX="2.089" scaleY="0.763" />
    <Platform type="Platform" material="" x="3.5383" y="-1.3183" rotation="0.0" scaleX="2.089" scaleY="0.763" />
    <Block type="CircleSmall" material="wood" x="-4.1962" y="-3.275" rotation="0" />
    <Block type="Circle" material="stone" x="0.7377" y="-3.1" rotation="0" />
    <Block type="RectBig" material="ice" x="8.3986" y="-3.39" rotation="0" />
  </GameObjects>
</Level>
