<?xml version="1.0" encoding="utf-16"?>
<Level width="2">
  <Camera x="0" y="-1" minWidth="25" maxWidth="35" />
  <Score highScore="0" />
  <Birds>
    <Bird type="BirdRed"/>
  </Birds>
  <Slingshot x="-12.0" y="-2.5" />
  <GameObjects>
    <Pig type="BasicSmall" material="" x="4.0689" y="-0.1047" rotation="1.0769" />
    <Platform type="Platform" material="" x="4.0612" y="-0.586" rotation="0.0" scaleX="2.089" scaleY="0.763" />
    <Platform type="Platform" material="" x="2.4232" y="0.038" rotation="90.0" scaleX="2.3272" scaleY="0.763" />
    <Block type="RectBig" material="stone" x="1.0598" y="-3.39" rotation="0" />
    <Block type="RectFat" material="wood" x="-3.08" y="-3.285" rotation="0" />
    <Block type="CircleSmall" material="stone" x="-8.2874" y="-3.275" rotation="0" />
  </GameObjects>
</Level>
