<?xml version="1.0" encoding="utf-16"?>
<Level width="2">
  <Camera x="0" y="-1" minWidth="25" maxWidth="35" />
  <Score highScore="0" />
  <Birds>
    <Bird type="BirdRed"/>
  </Birds>
  <Slingshot x="-12.0" y="-2.5" />
  <GameObjects>
    <Pig type="BasicSmall" material="" x="-5.5941" y="2.3803" rotation="1.0769" />
    <Platform type="Platform" material="" x="-5.6019" y="1.8991" rotation="0.0" scaleX="2.089" scaleY="0.763" />
    <Platform type="Platform" material="" x="-7.2399" y="2.5231" rotation="90.0" scaleX="2.3272" scaleY="0.763" />
    <Block type="TriangleHole" material="ice" x="1.6953" y="-3.09" rotation="0" />
    <Block type="SquareHole" material="stone" x="-1.6877" y="-3.08" rotation="0" />
    <Block type="CircleSmall" material="wood" x="5.7133" y="-3.275" rotation="0" />
  </GameObjects>
</Level>
