<?xml version="1.0" encoding="utf-16"?>
<Level width="2">
  <Camera x="0" y="-1" minWidth="25" maxWidth="35" />
  <Score highScore="0" />
  <Birds>
    <Bird type="BirdRed"/>
  </Birds>
  <Slingshot x="-12.0" y="-2.5" />
  <GameObjects>
    <Pig type="BasicSmall" material="" x="-4.3988" y="-2.6774" rotation="1.0769" />
    <Platform type="Platform" material="" x="-4.4066" y="-3.1586" rotation="0.0" scaleX="2.089" scaleY="0.763" />
    <Platform type="Platform" material="" x="-6.0446" y="-2.5346" rotation="90.0" scaleX="2.3272" scaleY="0.763" />
    <Block type="RectMedium" material="stone" x="3.7864" y="-3.39" rotation="0" />
    <Block type="SquareTiny" material="wood" x="6.133" y="-3.39" rotation="0" />
    <Block type="SquareHole" material="ice" x="8.8883" y="-3.08" rotation="0" />
  </GameObjects>
</Level>
