<?xml version="1.0" encoding="utf-16"?>
<Level width="2">
  <Camera x="0" y="-1" minWidth="25" maxWidth="35" />
  <Score highScore="0" />
  <Birds>
    <Bird type="BirdRed"/>
  </Birds>
  <Slingshot x="-12.0" y="-2.5" />
  <GameObjects>
    <Pig type="BasicSmall" material="" x="-5.1548" y="-2.4142" rotation="1.0769" />
    <Platform type="Platform" material="" x="-5.1625" y="-2.8955" rotation="0.0" scaleX="2.089" scaleY="0.763" />
    <Platform type="Platform" material="" x="-6.8005" y="-2.2715" rotation="90.0" scaleX="2.3272" scaleY="0.763" />
    <Platform type="Platform" material="" x="-2.0785" y="-3.18" rotation="0" scaleX="1.0" scaleY="1.0" />
    <Block type="RectSmall" material="wood" x="3.4751" y="-3.39" rotation="0" />
    <Block type="Triangle" material="stone" x="5.0327" y="-3.09" rotation="0" />
  </GameObjects>
</Level>
