<?xml version="1.0" encoding="utf-16"?>
<Level width="2">
  <Camera x="0" y="-1" minWidth="25" maxWidth="35" />
  <Score highScore="0" />
  <Birds>
    <Bird type="BirdRed"/>
  </Birds>
  <Slingshot x="-12.0" y="-2.5" />
  <GameObjects>
    <Pig type="BasicSmall" material="" x="-4.5468" y="-2.3817" rotation="1.0769" />
    <Platform type="Platform" material="" x="-4.5545" y="-2.8629" rotation="0.0" scaleX="2.089" scaleY="0.763" />
    <Platform type="Platform" material="" x="-6.1925" y="-2.2389" rotation="90.0" scaleX="2.3272" scaleY="0.763" />
    <Block type="Circle" material="ice" x="7.9415" y="-3.1" rotation="0" />
    <Block type="Circle" material="stone" x="4.1039" y="-3.1" rotation="0" />
    <Block type="TriangleHole" material="stone" x="-2.5954" y="-3.09" rotation="0" />
  </GameObjects>
</Level>
