<?xml version="1.0" encoding="utf-16"?>
<Level width="2">
  <Camera x="0" y="-1" minWidth="25" maxWidth="35" />
  <Score highScore="0" />
  <Birds>
    <Bird type="BirdRed"/>
  </Birds>
  <Slingshot x="-12.0" y="-2.5" />
  <GameObjects>
    <Pig type="BasicSmall" material="" x="-3.5799" y="2.4805" rotation="1.0769" />
    <Platform type="Platform" material="" x="-3.5877" y="1.9992" rotation="0.0" scaleX="2.089" scaleY="0.763" />
    <Platform type="Platform" material="" x="-5.2257" y="2.6232" rotation="90.0" scaleX="2.3272" scaleY="0.763" />
    <Block type="SquareHole" material="wood" x="7.1923" y="-3.08" rotation="0" />
    <Block type="RectTiny" material="ice" x="-9.2954" y="-3.39" rotation="0" />
    <Block type="TriangleHole" material="stone" x="5.3178" y="-3.09" rotation="0" />
  </GameObjects>
</Level>
