<?xml version="1.0" encoding="utf-16"?>
<Level width="2">
  <Camera x="0" y="-1" minWidth="25" maxWidth="35" />
  <Score highScore="0" />
  <Birds>
    <Bird type="BirdRed"/>
  </Birds>
  <Slingshot x="-12.0" y="-2.5" />
  <GameObjects>
    <Pig type="BasicSmall" material="" x="-0.1407" y="0.5561" rotation="1.0769" />
    <Platform type="Platform" material="" x="-0.1484" y="0.0749" rotation="0.0" scaleX="2.089" scaleY="0.763" />
    <Platform type="Platform" material="" x="-1.7864" y="0.6989" rotation="90.0" scaleX="2.3272" scaleY="0.763" />
    <Block type="RectMedium" material="ice" x="-7.7819" y="-3.39" rotation="0" />
    <Block type="Circle" material="wood" x="6.7695" y="-3.1" rotation="0" />
    <Block type="RectSmall" material="ice" x="2.4176" y="-3.39" rotation="0" />
  </GameObjects>
</Level>
