<?xml version="1.0" encoding="utf-16"?>
<Level width="2">
  <Camera x="0" y="-1" minWidth="25" maxWidth="35" />
  <Score highScore="0" />
  <Birds>
    <Bird type="BirdRed"/>
  </Birds>
  <Slingshot x="-12.0" y="-2.5" />
  <GameObjects>
    <Pig type="BasicSmall" material="" x="-2.1008" y="-2.7298" rotation="1.0769" />
    <Platform type="Platform" material="" x="-2.1086" y="-3.2111" rotation="0.0" scaleX="2.089" scaleY="0.763" />
    <Platform type="Platform" material="" x="-3.7466" y="-2.5871" rotation="90.0" scaleX="2.3272" scaleY="0.763" />
    <Block type="TriangleHole" material="stone" x="-9.3986" y="-3.09" rotation="0" />
    <Block type="RectBig" material="stone" x="2.6785" y="-3.39" rotation="0" />
    <Block type="Circle" material="ice" x="8.1679" y="-3.1" rotation="0" />
  </GameObjects>
</Level>
