<?xml version="1.0" encoding="utf-16"?>
<Level width="2">
  <Camera x="0" y="-1" minWidth="25" maxWidth="35" />
  <Score highScore="0" />
  <Birds>
    <Bird type="BirdRed"/>
  </Birds>
  <Slingshot x="-12.0" y="-2.5" />
  <GameObjects>
    <Pig type="BasicSmall" material="" x="-1.8428" y="3.095" rotation="1.0769" />
    <Platform type="Platform" material="" x="-1.8506" y="2.6137" rotation="0.0" scaleX="2.089" scaleY="0.763" />
    <Platform type="Platform" material="" x="-3.4886" y="3.2377" rotation="90.0" scaleX="2.3272" scaleY="0.763" />
    <Block type="Triangle" material="stone" x="3.2837" y="-3.09" rotation="0" />
    <Block type="Circle" material="wood" x="-2.7621" y="-3.1" rotation="0" />
    <Block type="Circle" material="wood" x="-8.4425" y="-3.1" rotation="0" />
  </GameObjects>
</Level>
