<?xml version="1.0" encoding="utf-16"?>
<Level width="2">
  <Camera x="0" y="-1" minWidth="25" maxWidth="35" />
  <Score highScore="0" />
  <Birds>
    <Bird type="BirdRed"/>
  </Birds>
  <Slingshot x="-12.0" y="-2.5" />
  <GameObjects>
    <Pig type="BasicSmall" material="" x="4.6421" y="-0.4783" rotation="1.0769" />
    <Platform type="Platform" material="" x="4.6343" y="-0.9595" rotation="0.0" scaleX="2.089" scaleY="0.763" />
    <Platform type="Platform" material="" x="2.9963" y="-0.3355" rotation="90.0" scaleX="2.3272" scaleY="0.763" />
    <Block type="RectSmall" material="wood" x="-3.9587" y="-3.39" rotation="0" />
    <Block type="TriangleHole" material="stone" x="-0.845" y="-3.09" rotation="0" />
    <Block type="RectBig" material="stone" x="-6.9694" y="-3.39" rotation="0" />
  </GameObjects>
</Level>
