<?xml version="1.0" encoding="utf-16"?>
<Level width="2">
  <Camera x="0" y="-1" minWidth="25" maxWidth="35" />
  <Score highScore="0" />
  <Birds>
    <Bird type="BirdRed"/>
  </Birds>
  <Slingshot x="-12.0" y="-2.5" />
  <GameObjects>
    <Pig type="BasicSmall" material="" x="2.8074" y="0.8366" rotation="1.0769" />
    <Platform type="Platform" material="" x="2.7997" y="0.3553" rotation="0.0" scaleX="2.089" scaleY="0.763" />
    <Platform type="Platform" material="" x="1.1617" y="0.9793" rotation="90.0" scaleX="2.3272" scaleY="0.763" />
    <Block type="Triangle" material="ice" x="-1.4365" y="-3.09" rotation="0" />
    <Block type="SquareTiny" material="ice" x="8.7721" y="-3.39" rotation="0" />
    <Block type="TriangleHole" material="stone" x="-3.6405" y="-3.09" rotation="0" />
  </GameObjects>
</Level>
