<?xml version="1.0" encoding="utf-16"?>
<Level width="2">
  <Camera x="0" y="-1" minWidth="25" maxWidth="35" />
  <Score highScore="0" />
  <Birds>
    <Bird type="BirdRed"/>
  </Birds>
  <Slingshot x="-12.0" y="-2.5" />
  <GameObjects>
    <Pig type="BasicSmall" material="" x="-4.5976" y="-0.5222" rotation="1.0769" />
    <Platform type="Platform" material="" x="-4.6054" y="-1.0035" rotation="0.0" scaleX="2.089" scaleY="0.763" />
    <Platform type="Platform" material="" x="-6.2434" y="-0.3795" rotation="90.0" scaleX="2.3272" scaleY="0.763" />
    <Block type="RectFat" material="ice" x="4.5712" y="-3.285" rotation="0" />
    <Platform type="Platform" material="" x="-6.7228" y="-3.18" rotation="0" scaleX="1.0" scaleY="1.0" />
    <Block type="RectMedium" material="wood" x="-4.1934" y="-3.39" rotation="0" />
  </GameObjects>
</Level>
