<?xml version="1.0" encoding="utf-16"?>
<Level width="2">
  <Camera x="0" y="-1" minWidth="25" maxWidth="35" />
  <Score highScore="0" />
  <Birds>
    <Bird type="BirdRed"/>
  </Birds>
  <Slingshot x="-12.0" y="-2.5" />
  <GameObjects>
    <Pig type="BasicSmall" material="" x="3.7833" y="-0.9134" rotation="1.0769" />
    <Platform type="Platform" material="" x="3.7755" y="-1.3947" rotation="0.0" scaleX="2.089" scaleY="0.763" />
    <Platform type="Platform" material="" x="2.1376" y="-0.7707" rotation="90.0" scaleX="2.3272" scaleY="0.763" />
    <Block type="RectBig" material="stone" x="6.3393" y="-3.39" rotation="0" />
    <Block type="SquareSmall" material="wood" x="-0.3075" y="-3.285" rotation="0" />
    <Block type="Triangle" material="ice" x="-5.1805" y="-3.09" rotation="0" />
  </GameObjects>
</Level>
