<?xml version="1.0" encoding="utf-16"?>
<Level width="2">
  <Camera x="0" y="-1" minWidth="25" maxWidth="35" />
  <Score highScore="0" />
  <Birds>
    <Bird type="BirdRed"/>
  </Birds>
  <Slingshot x="-12.0" y="-2.5" />
  <GameObjects>
    <Pig type="BasicSmall" material="" x="-6.2822" y="-1.6164" rotation="1.0769" />
    <Platform type="Platform" material="" x="-6.2899" y="-2.0976" rotation="0.0" scaleX="2.089" scaleY="0.763" />
    <Platform type="Platform" material="" x="-7.9279" y="-1.4736" rotation="90.0" scaleX="2.3272" scaleY="0.763" />
    <Block type="RectFat" material="stone" x="5.7946" y="-3.285" rotation="0" />
    <Block type="TriangleHole" material="wood" x="-0.1712" y="-3.09" rotation="0" />
    <Block type="Triangle" material="wood" x="-5.7406" y="-3.09" rotation="0" />
  </GameObjects>
</Level>
