<?xml version="1.0" encoding="utf-16"?>
<Level width="2">
  <Camera x="0" y="-1" minWidth="25" maxWidth="35" />
  <Score highScore="0" />
  <Birds>
    <Bird type="BirdRed"/>
  </Birds>
  <Slingshot x="-12.0" y="-2.5" />
  <GameObjects>
    <Pig type="BasicSmall" material="" x="5.6186" y="-2.1299" rotation="1.0769" />
    <Platform type="Platform" material="" x="5.6109" y="-2.6112" rotation="0.0" scaleX="2.089" scaleY="0.763" />
    <Platform type="Platform" material="" x="3.9729" y="-1.9872" rotation="90.0" scaleX="2.3272" scaleY="0.763" />
    <Block type="RectSmall" material="stone" x="-7.2008" y="-3.39" rotation="0" />
    <Block type="SquareTiny" material="wood" x="-1.406" y="-3.39" rotation="0" />
    <Block type="CircleSmall" material="stone" x="-3.2811" y="-3.275" rotation="0" />
  </GameObjects>
</Level>
