<?xml version="1.0" encoding="utf-16"?>
<Level width="2">
  <Camera x="0" y="-1" minWidth="25" maxWidth="35" />
  <Score highScore="0" />
  <Birds>
    <Bird type="BirdRed"/>
  </Birds>
  <Slingshot x="-12.0" y="-2.5" />
  <GameObjects>
    <Pig type="BasicSmall" material="" x="2.5332" y="-1.9314" rotation="1.0769" />
    <Platform type="Platform" material="" x="2.5255" y="-2.4127" rotation="0.0" scaleX="2.089" scaleY="0.763" />
    <Platform type="Platform" material="" x="0.8875" y="-1.7887" rotation="90.0" scaleX="2.3272" scaleY="0.763" />
    <Block type="TriangleHole" material="ice" x="8.1931" y="-3.09" rotation="0" />
    <Block type="CircleSmall" material="ice" x="-9.121" y="-3.275" rotation="0" />
    <Block type="CircleSmall" material="stone" x="6.1476" y="-3.275" rotation="0" />
  </GameObjects>
</Level>
