<?xml version="1.0" encoding="utf-16"?>
<Level width="2">
  <Camera x="0" y="-1" minWidth="25" maxWidth="35" />
  <Score highScore="0" />
  <Birds>
    <Bird type="BirdRed"/>
  </Birds>
  <Slingshot x="-12.0" y="-2.5" />
  <GameObjects>
    <Pig type="BasicSmall" material="" x="1.0212" y="-0.2159" rotation="1.0769" />
    <Platform type="Platform" material="" x="1.0134" y="-0.6972" rotation="0.0" scaleX="2.089" scaleY="0.763" />
    <Platform type="Platform" material="" x="-0.6246" y="-0.0732" rotation="90.0" scaleX="2.3272" scaleY="0.763" />
    <Block type="Triangle" material="ice" x="9.232" y="-3.09" rotation="0" />
    <Block type="SquareTiny" material="ice" x="7.7372" y="-3.39" rotation="0" />
    <Block type="TriangleHole" material="ice" x="-9.4354" y="-3.09" rotation="0" />
  </GameObjects>
</Level>
