<?xml version="1.0" encoding="utf-16"?>
<Level width="2">
  <Camera x="0" y="-1" minWidth="25" maxWidth="35" />
  <Score highScore="0" />
  <Birds>
    <Bird type="BirdRed"/>
  </Birds>
  <Slingshot x="-12.0" y="-2.5" />
  <GameObjects>
    <Pig type="BasicSmall" material="" x="-2.9187" y="0.6271" rotation="1.0769" />
    <Platform type="Platform" material="" x="-2.9264" y="0.1459" rotation="0.0" scaleX="2.089" scaleY="0.763" />
    <Platform type="Platform" material="" x="-4.5644" y="0.7699" rotation="90.0" scaleX="2.3272" scaleY="0.763" />
    <Block type="CircleSmall" material="ice" x="-3.7711" y="-3.275" rotation="0" />
    <Block type="TriangleHole" material="ice" x="-5.4094" y="-3.09" rotation="0" />
    <Block type="RectBig" material="wood" x="-9.4934" y="-3.39" rotation="0" />
  </GameObjects>
</Level>
