<?xml version="1.0" encoding="utf-16"?>
<Level width="2">
  <Camera x="0" y="-1" minWidth="25" maxWidth="35" />
  <Score highScore="0" />
  <Birds>
    <Bird type="BirdRed"/>
  </Birds>
  <Slingshot x="-12.0" y="-2.5" />
  <GameObjects>
    <Pig type="BasicSmall" material="" x="-1.4324" y="3.616" rotation="1.0769" />
    <Platform type="Platform" material="" x="-1.4402" y="3.1347" rotation="0.0" scaleX="2.089" scaleY="0.763" />
    <Platform type="Platform" material="" x="-3.0782" y="3.7587" rotation="90.0" scaleX="2.3272" scaleY="0.763" />
    <Block type="RectFat" material="ice" x="-4.4593" y="-3.285" rotation="0" />
    <Block type="SquareSmall" material="stone" x="3.4704" y="-3.285" rotation="0" />
    <Block type="SquareHole" material="stone" x="6.0649" y="-3.08" rotation="0" />
  </GameObjects>
</Level>
