<?xml version="1.0" encoding="utf-16"?>
<Level width="2">
  <Camera x="0" y="-1" minWidth="25" maxWidth="35" />
  <Score highScore="0" />
  <Birds>
    <Bird type="BirdRed"/>
  </Birds>
  <Slingshot x="-12.0" y="-2.5" />
  <GameObjects>
    <Pig type="BasicSmall" material="" x="-3.4946" y="-2.5583" rotation="1.0769" />
    <Platform type="Platform" material="" x="-3.5023" y="-3.0396" rotation="0.0" scaleX="2.089" scaleY="0.763" />
    <Platform type="Platform" material="" x="-5.1403" y="-2.4156" rotation="90.0" scaleX="2.3272" scaleY="0.763" />
    <Block type="RectTiny" material="wood" x="0.6046" y="-3.39" rotation="0" />
    <Block type="CircleSmall" material="ice" x="-8.8232" y="-3.275" rotation="0" />
    <Block type="SquareSmall" material="stone" x="-0.6695" y="-3.285" rotation="0" />
  </GameObjects>
</Level>
