<?xml version="1.0" encoding="utf-16"?>
<Level width="2">
  <Camera x="0" y="-1" minWidth="25" maxWidth="35" />
  <Score highScore="0" />
  <Birds>
    <Bird type="BirdRed"/>
  </Birds>
  <Slingshot x="-12.0" y="-2.5" />
  <GameObjects>
    <Pig type="BasicSmall" material="" x="3.0375" y="-1.8375" rotation="1.0769" />
    <Platform type="Platform" material="" x="3.0298" y="-2.3187" rotation="0.0" scaleX="2.089" scaleY="0.763" />
    <Platform type="Platform" material="" x="1.3918" y="-1.6947" rotation="90.0" scaleX="2.3272" scaleY="0.763" />
    <Block type="SquareTiny" material="wood" x="9.1549" y="-3.39" rotation="0" />
    <Block type="RectBig" material="stone" x="0.426" y="-3.39" rotation="0" />
    <Block type="SquareHole" material="stone" x="6.4886" y="-3.08" rotation="0" />
  </GameObjects>
</Level>
