<?xml version="1.0" encoding="utf-16"?>
<Level width="2">
  <Camera x="0" y="-1" minWidth="25" maxWidth="35" />
  <Score highScore="0" />
  <Birds>
    <Bird type="BirdRed"/>
  </Birds>
  <Slingshot x="-12.0" y="-2.5" />
  <GameObjects>
    <Pig type="BasicSmall" material="" x="2.2395" y="-0.9467" rotation="1.0769" />
    <Platform type="Platform" material="" x="2.2318" y="-1.428" rotation="0.0" scaleX="2.089" scaleY="0.763" />
    <Platform type="Platform" material="" x="0.5938" y="-0.804" rotation="90.0" scaleX="2.3272" scaleY="0.763" />
    <Block type="Circle" material="wood" x="9.093" y="-3.1" rotation="0" />
    <Block type="RectMedium" material="wood" x="7.5748" y="-3.39" rotation="0" />
    <Block type="SquareHole" material="stone" x="0.0722" y="-3.08" rotation="0" />
  </GameObjects>
</Level>
