<?xml version="1.0" encoding="utf-16"?>
<Level width="2">
  <Camera x="0" y="-1" minWidth="25" maxWidth="35" />
  <Score highScore="0" />
  <Birds>
    <Bird type="BirdRed"/>
  </Birds>
  <Slingshot x="-12.0" y="-2.5" />
  <GameObjects>
    <Pig type="BasicSmall" material="" x="-5.6201" y="0.8991" rotation="1.0769" />
    <Platform type="Platform" material="" x="-5.6278" y="0.4179" rotation="0.0" scaleX="2.089" scaleY="0.763" />
    <Platform type="Platform" material="" x="-7.2658" y="1.0419" rotation="90.0" scaleX="2.3272" scaleY="0.763" />
    <Platform type="Platform" material="" x="-6.9953" y="-3.18" rotation="0" scaleX="1.0" scaleY="1.0" />
    <Block type="SquareTiny" material="ice" x="3.9599" y="-3.39" rotation="0" />
    <Block type="RectBig" material="wood" x="1.7023" y="-3.39" rotation="0" />
  </GameObjects>
</Level>
