<?xml version="1.0" encoding="utf-16"?>
<Level width="2">
  <Camera x="0" y="-1" minWidth="25" maxWidth="35" />
  <Score highScore="0" />
  <Birds>
    <Bird type="BirdRed"/>
  </Birds>
  <Slingshot x="-12.0" y="-2.5" />
  <GameObjects>
    <Pig type="BasicSmall" material="" x="-6.9832" y="-1.8862" rotation="1.0769" />
    <Platform type="Platform" material="" x="-6.991" y="-2.3675" rotation="0.0" scaleX="2.089" scaleY="0.763" />
    <Platform type="Platform" material="" x="-8.629" y="-1.7435" rotation="90.0" scaleX="2.3272" scaleY="0.763" />
    <Block type="SquareTiny" material="ice" x="-4.3219" y="-3.39" rotation="0" />
    <Block type="RectTiny" material="stone" x="-9.1726" y="-3.39" rotation="0" />
    <Block type="RectSmall" material="ice" x="3.4002" y="-3.39" rotation="0" />
  </GameObjects>
</Level>
