<?xml version="1.0" encoding="utf-16"?>
<Level width="2">
  <Camera x="0" y="-1" minWidth="25" maxWidth="35" />
  <Score highScore="0" />
  <Birds>
    <Bird type="BirdRed"/>
  </Birds>
  <Slingshot x="-12.0" y="-2.5" />
  <GameObjects>
    <Pig type="BasicSmall" material="" x="5.8678" y="-2.0985" rotation="1.0769" />
    <Platform type="Platform" material="" x="5.8601" y="-2.5797" rotation="0.0" scaleX="2.089" scaleY="0.763" />
    <Platform type="Platform" material="" x="4.2221" y="-1.9557" rotation="90.0" scaleX="2.3272" scaleY="0.763" />
    <Block type="Triangle" material="ice" x="-5.5154" y="-3.09" rotation="0" />
    <Block type="RectMedium" material="ice" x="1.8413" y="-3.39" rotation="0" />
    <Block type="RectBig" material="stone" x="7.6009" y="-3.39" rotation="0" />
  </GameObjects>
</Level>
