<?xml version="1.0" encoding="utf-16"?>
<Level width="2">
  <Camera x="0" y="-1" minWidth="25" maxWidth="35" />
  <Score highScore="0" />
  <Birds>
    <Bird type="BirdRed"/>
  </Birds>
  <Slingshot x="-12.0" y="-2.5" />
  <GameObjects>
    <Pig type="BasicSmall" material="" x="2.9629" y="-0.2102" rotation="1.0769" />
    <Platform type="Platform" material="" x="2.9551" y="-0.6914" rotation="0.0" scaleX="2.089" scaleY="0.763" />
    <Platform type="Platform" material="" x="1.3171" y="-0.0674" rotation="90.0" scaleX="2.3272" scaleY="0.763" />
    <Block type="Triangle" material="stone" x="4.124" y="-3.09" rotation="0" />
    <Block type="RectBig" material="wood" x="-2.0005" y="-3.39" rotation="0" />
    <Block type="RectSmall" material="ice" x="0.8617" y="-3.39" rotation="0" />
  </GameObjects>
</Level>
