<?xml version="1.0" encoding="utf-16"?>
<Level width="2">
  <Camera x="0" y="-1" minWidth="25" maxWidth="35" />
  <Score highScore="0" />
  <Birds>
    <Bird type="BirdRed"/>
  </Birds>
  <Slingshot x="-12.0" y="-2.5" />
  <GameObjects>
    <Pig type="BasicSmall" material="" x="2.3944" y="0.5994" rotation="1.0769" />
    <Platform type="Platform" material="" x="2.3867" y="0.1181" rotation="0.0" scaleX="2.089" scaleY="0.763" />
    <Platform type="Platform" material="" x="0.7487" y="0.7421" rotation="90.0" scaleX="2.3272" scaleY="0.763" />
    <Block type="CircleSmall" material="ice" x="5.8182" y="-3.275" rotation="0" />
    <Block type="RectFat" material="wood" x="7.9358" y="-3.285" rotation="0" />
    <Block type="TriangleHole" material="wood" x="-8.7379" y="-3.09" rotation="0" />
  </GameObjects>
</Level>
