<?xml version="1.0" encoding="utf-16"?>
<Level width="2">
  <Camera x="0" y="-1" minWidth="25" maxWidth="35" />
  <Score highScore="0" />
  <Birds>
    <Bird type="BirdRed"/>
  </Birds>
  <Slingshot x="-12.0" y="-2.5" />
  <GameObjects>
    <Pig type="BasicSmall" material="" x="-5.4364" y="0.9484" rotation="1.0769" />
    <Platform type="Platform" material="" x="-5.4441" y="0.4671" rotation="0.0" scaleX="2.089" scaleY="0.763" />
    <Platform type="Platform" material="" x="-7.0821" y="1.0911" rotation="90.0" scaleX="2.3272" scaleY="0.763" />
    <Block type="RectFat" material="ice" x="-4.7515" y="-3.285" rotation="0" />
    <Block type="SquareSmall" material="stone" x="1.6096" y="-3.285" rotation="0" />
    <Block type="SquareHole" material="ice" x="-7.1645" y="-3.08" rotation="0" />
  </GameObjects>
</Level>
