<?xml version="1.0" encoding="utf-16"?>
<Level width="2">
  <Camera x="0" y="-1" minWidth="25" maxWidth="35" />
  <Score highScore="0" />
  <Birds>
    <Bird type="BirdRed"/>
  </Birds>
  <Slingshot x="-12.0" y="-2.5" />
  <GameObjects>
    <Pig type="BasicSmall" material="" x="-4.4202" y="-1.8495" rotation="1.0769" />
    <Platform type="Platform" material="" x="-4.4279" y="-2.3307" rotation="0.0" scaleX="2.089" scaleY="0.763" />
    <Platform type="Platform" material="" x="-6.0659" y="-1.7067" rotation="90.0" scaleX="2.3272" scaleY="0.763" />
    <Block type="Triangle" material="wood" x="-1.5345" y="-3.09" rotation="0" />
    <Block type="SquareTiny" material="ice" x="1.2625" y="-3.39" rotation="0" />
    <Block type="RectBig" material="stone" x="5.8062" y="-3.39" rotation="0" />
  </GameObjects>
</Level>
