<?xml version="1.0" encoding="utf-16"?>
<Level width="2">
  <Camera x="0" y="-1" minWidth="25" maxWidth="35" />
  <Score highScore="0" />
  <Birds>
    <Bird type="BirdRed"/>
  </Birds>
  <Slingshot x="-12.0" y="-2.5" />
  <GameObjects>
    <Pig type="BasicSmall" material="" x="-1.2907" y="-0.699" rotation="1.0769" />
    <Platform type="Platform" material="" x="-1.2984" y="-1.1803" rotation="0.0" scaleX="2.089" scaleY="0.763" />
    <Platform type="Platform" material="" x="-2.9364" y="-0.5563" rotation="90.0" scaleX="2.3272" scaleY="0.763" />
    <Block type="SquareHole" material="stone" x="7.2795" y="-3.08" rotation="0" />
    <Block type="Circle" material="wood" x="1.7259" y="-3.1" rotation="0" />
    <Block type="RectSmall" material="wood" x="-5.3676" y="-3.39" rotation="0" />
  </GameObjects>
</Level>
