<?xml version="1.0" encoding="utf-16"?>
<Level width="2">
  <Camera x="0" y="-1" minWidth="25" maxWidth="35" />
  <Score highScore="0" />
  <Birds>
    <Bird type="BirdRed"/>
  </Birds>
  <Slingshot x="-12.0" y="-2.5" />
  <GameObjects>
    <Pig type="BasicSmall" material="" x="-3.7185" y="-2.629" rotation="1.0769" />
    <Block type="Circle" material="wood" x="-3.7944" y="-1.2318" rotation="359.8677" />
    <Platform type="Platform" material="" x="-3.7262" y="-3.1103" rotation="0.0" scaleX="2.089" scaleY="0.763" />
    <Platform type="Platform" material="" x="-3.7542" y="-1.8663" rotation="0.0" scaleX="2.089" scaleY="0.763" />
    <Block type="RectBig" material="stone" x="4.8393" y="-3.39" rotation="0" />
    <Platform type="Platform" material="" x="-9.4167" y="-3.18" rotation="0" scaleX="1.0" scaleY="1.0" />
    <Block type="SquareHole" material="ice" x="-0.3652" y="-3.08" rotation="0" />
  </GameObjects>
</Level>
