<?xml version="1.0" encoding="utf-16"?>
<Level width="2">
  <Camera x="0" y="-1" minWidth="25" maxWidth="35" />
  <Score highScore="0" />
  <Birds>
    <Bird type="BirdRed"/>
  </Birds>
  <Slingshot x="-12.0" y="-2.5" />
  <GameObjects>
    <Pig type="BasicSmall" material="" x="0.3235" y="0.4011" rotation="1.0769" />
    <Block type="Circle" material="wood" x="0.2476" y="1.7984" rotation="359.8677" />
    <Platform type="Platform" material="" x="0.3157" y="-0.0801" rotation="0.0" scaleX="2.089" scaleY="0.763" />
    <Platform type="Platform" material="" x="0.2877" y="1.1639" rotation="0.0" scaleX="2.089" scaleY="0.763" />
    <Block type="SquareHole" material="ice" x="4.7406" y="-3.08" rotation="0" />
    <Block type="RectFat" material="wood" x="-7.7318" y="-3.285" rotation="0" />
    <Block type="CircleSmall" material="ice" x="-5.3387" y="-3.275" rotation="0" />
  </GameObjects>
</Level>
