<?xml version="1.0" encoding="utf-16"?>
<Level width="2">
  <Camera x="0" y="-1" minWidth="25" maxWidth="35" />
  <Score highScore="0" />
  <Birds>
    <Bird type="BirdRed"/>
  </Birds>
  <Slingshot x="-12.0" y="-2.5" />
  <GameObjects>
    <Pig type="BasicSmall" material="" x="5.6302" y="-1.1621" rotation="1.0769" />
    <Block type="Circle" material="wood" x="5.5543" y="0.2351" rotation="359.8677" />
    <Platform type="Platform" material="" x="5.6224" y="-1.6434" rotation="0.0" scaleX="2.089" scaleY="0.763" />
    <Platform type="Platform" material="" x="5.5945" y="-0.3994" rotation="0.0" scaleX="2.089" scaleY="0.763" />
    <Block type="SquareSmall" material="stone" x="-7.4551" y="-3.285" rotation="0" />
    <Block type="RectBig" material="ice" x="-3.776" y="-3.39" rotation="0" />
    <Block type="RectSmall" material="wood" x="8.643" y="-3.39" rotation="0" />
  </GameObjects>
</Level>
