<?xml version="1.0" encoding="utf-16"?>
<Level width="2">
  <Camera x="0" y="-1" minWidth="25" maxWidth="35" />
  <Score highScore="0" />
  <Birds>
    <Bird type="BirdRed"/>
  </Birds>
  <Slingshot x="-12.0" y="-2.5" />
  <GameObjects>
    <Pig type="BasicSmall" material="" x="-1.9347" y="-1.3876" rotation="1.0769" />
    <Block type="Circle" material="wood" x="-2.0106" y="0.0097" rotation="359.8677" />
    <Platform type="Platform" material="" x="-1.9425" y="-1.8688" rotation="0.0" scaleX="2.089" scaleY="0.763" />
    <Platform type="Platform" material="" x="-1.9705" y="-0.6248" rotation="0.0" scaleX="2.089" scaleY="0.763" />
    <Block type="CircleSmall" material="ice" x="8.1245" y="-3.275" rotation="0" />
    <Block type="RectBig" material="ice" x="-2.7513" y="-3.39" rotation="0" />
    <Block type="RectBig" material="wood" x="-5.008" y="-3.39" rotation="0" />
  </GameObjects>
</Level>
