<?xml version="1.0" encoding="utf-16"?>
<Level width="2">
  <Camera x="0" y="-1" minWidth="25" maxWidth="35" />
  <Score highScore="0" />
  <Birds>
    <Bird type="BirdRed"/>
  </Birds>
  <Slingshot x="-12.0" y="-2.5" />
  <GameObjects>
    <Pig type="BasicSmall" material="" x="-3.2483" y="-1.613" rotation="1.0769" />
    <Block type="Circle" material="wood" x="-3.3242" y="-0.2157" rotation="359.8677" />
    <Platform type="Platform" material="" x="-3.256" y="-2.0942" rotation="0.0" scaleX="2.089" scaleY="0.763" />
    <Platform type="Platform" material="" x="-3.284" y="-0.8502" rotation="0.0" scaleX="2.089" scaleY="0.763" />
    <Block type="RectBig" material="wood" x="-0.6844" y="-3.39" rotation="0" />
    <Block type="TriangleHole" material="stone" x="3.0361" y="-3.09" rotation="0" />
    <Block type="Triangle" material="ice" x="4.5921" y="-3.09" rotation="0" />
  </GameObjects>
</Level>
