<?xml version="1.0" encoding="utf-16"?>
<Level width="2">
  <Camera x="0" y="-1" minWidth="25" maxWidth="35" />
  <Score highScore="0" />
  <Birds>
    <Bird type="BirdRed"/>
  </Birds>
  <Slingshot x="-12.0" y="-2.5" />
  <GameObjects>
    <Pig type="BasicSmall" material="" x="-6.858" y="1.4434" rotation="1.0769" />
    <Block type="Circle" material="wood" x="-6.9339" y="2.8407" rotation="359.8677" />
    <Platform type="Platform" material="" x="-6.8657" y="0.9622" rotation="0.0" scaleX="2.089" scaleY="0.763" />
    <Platform type="Platform" material="" x="-6.8937" y="2.2062" rotation="0.0" scaleX="2.089" scaleY="0.763" />
    <Block type="CircleSmall" material="wood" x="5.0628" y="-3.275" rotation="0" />
    <Block type="RectSmall" material="ice" x="-8.3591" y="-3.39" rotation="0" />
    <Block type="RectMedium" material="ice" x="6.4837" y="-3.39" rotation="0" />
  </GameObjects>
</Level>
