<?xml version="1.0" encoding="utf-16"?>
<Level width="2">
  <Camera x="0" y="-1" minWidth="25" maxWidth="35" />
  <Score highScore="0" />
  <Birds>
    <Bird type="BirdRed"/>
  </Birds>
  <Slingshot x="-12.0" y="-2.5" />
  <GameObjects>
    <Pig type="BasicSmall" material="" x="0.103" y="-2.6548" rotation="1.0769" />
    <Block type="Circle" material="wood" x="0.0271" y="-1.2576" rotation="359.8677" />
    <Platform type="Platform" material="" x="0.0953" y="-3.1361" rotation="0.0" scaleX="2.089" scaleY="0.763" />
    <Platform type="Platform" material="" x="0.0673" y="-1.8921" rotation="0.0" scaleX="2.089" scaleY="0.763" />
    <Block type="CircleSmall" material="wood" x="8.4832" y="-3.275" rotation="0" />
    <Block type="RectSmall" material="ice" x="5.1838" y="-3.39" rotation="0" />
    <Platform type="Platform" material="" x="-8.7583" y="-3.18" rotation="0" scaleX="1.0" scaleY="1.0" />
  </GameObjects>
</Level>
