<?xml version="1.0" encoding="utf-16"?>
<Level width="2">
  <Camera x="0" y="-1" minWidth="25" maxWidth="35" />
  <Score highScore="0" />
  <Birds>
    <Bird type="BirdRed"/>
  </Birds>
  <Slingshot x="-12.0" y="-2.5" />
  <GameObjects>
    <Pig type="BasicSmall" material="" x="-0.2182" y="0.0951" rotation="1.0769" />
    <Block type="Circle" material="wood" x="-0.2942" y="1.4923" rotation="359.8677" />
    <Platform type="Platform" material="" x="-0.226" y="-0.3862" rotation="0.0" scaleX="2.089" scaleY="0.763" />
    <Platform type="Platform" material="" x="-0.254" y="0.8578" rotation="0.0" scaleX="2.089" scaleY="0.763" />
    <Block type="RectTiny" material="wood" x="2.1258" y="-3.39" rotation="0" />
    <Block type="Circle" material="ice" x="6.8846" y="-3.1" rotation="0" />
    <Block type="RectFat" material="stone" x="-8.6824" y="-3.285" rotation="0" />
  </GameObjects>
</Level>
