<?xml version="1.0" encoding="utf-16"?>
<Level width="2">
  <Camera x="0" y="-1" minWidth="25" maxWidth="35" />
  <Score highScore="0" />
  <Birds>
    <Bird type="BirdRed"/>
  </Birds>
  <Slingshot x="-12.0" y="-2.5" />
  <GameObjects>
    <Pig type="BasicSmall" material="" x="-0.1024" y="0.2489" rotation="1.0769" />
    <Block type="Circle" material="wood" x="-0.1784" y="1.6462" rotation="359.8677" />
    <Platform type="Platform" material="" x="-0.1102" y="-0.2324" rotation="0.0" scaleX="2.089" scaleY="0.763" />
    <Platform type="Platform" material="" x="-0.1382" y="1.0116" rotation="0.0" scaleX="2.089" scaleY="0.763" />
    <Block type="SquareHole" material="stone" x="-1.4643" y="-3.08" rotation="0" />
    <Block type="SquareHole" material="ice" x="7.9804" y="-3.08" rotation="0" />
    <Block type="CircleSmall" material="wood" x="-8.5005" y="-3.275" rotation="0" />
  </GameObjects>
</Level>
