<?xml version="1.0" encoding="utf-16"?>
<Level width="2">
  <Camera x="0" y="-1" minWidth="25" maxWidth="35" />
  <Score highScore="0" />
  <Birds>
    <Bird type="BirdRed"/>
  </Birds>
  <Slingshot x="-12.0" y="-2.5" />
  <GameObjects>
    <Pig type="BasicSmall" material="" x="-1.9651" y="1.7652" rotation="1.0769" />
    <Block type="Circle" material="wood" x="-2.041" y="3.1625" rotation="359.8677" />
    <Platform type="Platform" material="" x="-1.9728" y="1.284" rotation="0.0" scaleX="2.089" scaleY="0.763" />
    <Platform type="Platform" material="" x="-2.0008" y="2.528" rotation="0.0" scaleX="2.089" scaleY="0.763" />
    <Block type="Triangle" material="stone" x="4.087" y="-3.09" rotation="0" />
    <Block type="TriangleHole" material="ice" x="-7.7042" y="-3.09" rotation="0" />
    <Block type="RectSmall" material="ice" x="9.158" y="-3.39" rotation="0" />
  </GameObjects>
</Level>
