<?xml version="1.0" encoding="utf-16"?>
<Level width="2">
  <Camera x="0" y="-1" minWidth="25" maxWidth="35" />
  <Score highScore="0" />
  <Birds>
    <Bird type="BirdRed"/>
  </Birds>
  <Slingshot x="-12.0" y="-2.5" />
  <GameObjects>
    <Pig type="BasicSmall" material="" x="3.0971" y="-0.8278" rotation="1.0769" />
    <Block type="Circle" material="wood" x="3.0212" y="0.5695" rotation="359.8677" />
    <Platform type="Platform" material="" x="3.0893" y="-1.309" rotation="0.0" scaleX="2.089" scaleY="0.763" />
    <Platform type="Platform" material="" x="3.0613" y="-0.065" rotation="0.0" scaleX="2.089" scaleY="0.763" />
    <Block type="TriangleHole" material="ice" x="3.8883" y="-3.09" rotation="0" />
    <Platform type="Platform" material="" x="-5.3053" y="-3.18" rotation="0" scaleX="1.0" scaleY="1.0" />
    <Block type="SquareSmall" material="stone" x="-6.8548" y="-3.285" rotation="0" />
  </GameObjects>
</Level>
