<?xml version="1.0" encoding="utf-16"?>
<Level width="2">
  <Camera x="0" y="-1" minWidth="25" maxWidth="35" />
  <Score highScore="0" />
  <Birds>
    <Bird type="BirdRed"/>
  </Birds>
  <Slingshot x="-12.0" y="-2.5" />
  <GameObjects>
    <Pig type="BasicSmall" material="" x="5.3341" y="-1.3749" rotation="1.0769" />
    <Block type="Circle" material="wood" x="5.2582" y="0.0224" rotation="359.8677" />
    <Platform type="Platform" material="" x="5.3264" y="-1.8562" rotation="0.0" scaleX="2.089" scaleY="0.763" />
    <Platform type="Platform" material="" x="5.2984" y="-0.6121" rotation="0.0" scaleX="2.089" scaleY="0.763" />
    <Block type="SquareHole" material="stone" x="6.3083" y="-3.08" rotation="0" />
    <Block type="TriangleHole" material="stone" x="-5.2199" y="-3.09" rotation="0" />
    <Block type="Triangle" material="ice" x="-3.3933" y="-3.09" rotation="0" />
  </GameObjects>
</Level>
