<?xml version="1.0" encoding="utf-16"?>
<Level width="2">
  <Camera x="0" y="-1" minWidth="25" maxWidth="35" />
  <Score highScore="0" />
  <Birds>
    <Bird type="BirdRed"/>
  </Birds>
  <Slingshot x="-12.0" y="-2.5" />
  <GameObjects>
    <Pig type="BasicSmall" material="" x="0.0855" y="2.7049" rotation="1.0769" />
    <Block type="Circle" material="wood" x="0.0096" y="4.1022" rotation="359.8677" />
    <Platform type="Platform" material="" x="0.0778" y="2.2236" rotation="0.0" scaleX="2.089" scaleY="0.763" />
    <Platform type="Platform" material="" x="0.0498" y="3.4676" rotation="0.0" scaleX="2.089" scaleY="0.763" />
    <Block type="SquareHole" material="ice" x="8.82" y="-3.08" rotation="0" />
    <Block type="RectBig" material="ice" x="1.3856" y="-3.39" rotation="0" />
    <Block type="RectSmall" material="wood" x="3.905" y="-3.39" rotation="0" />
  </GameObjects>
</Level>
