<?xml version="1.0" encoding="utf-16"?>
<Level width="2">
  <Camera x="0" y="-1" minWidth="25" maxWidth="35" />
  <Score highScore="0" />
  <Birds>
    <Bird type="BirdRed"/>
  </Birds>
  <Slingshot x="-12.0" y="-2.5" />
  <GameObjects>
    <Pig type="BasicSmall" material="" x="0.4023" y="-1.6091" rotation="1.0769" />
    <Block type="Circle" material="wood" x="0.3264" y="-0.2118" rotation="359.8677" />
    <Platform type="Platform" material="" x="0.3946" y="-2.0903" rotation="0.0" scaleX="2.089" scaleY="0.763" />
    <Platform type="Platform" material="" x="0.3666" y="-0.8463" rotation="0.0" scaleX="2.089" scaleY="0.763" />
    <Block type="SquareHole" material="stone" x="-9.4303" y="-3.08" rotation="0" />
    <Block type="Circle" material="ice" x="8.824" y="-3.1" rotation="0" />
    <Block type="Circle" material="ice" x="6.4171" y="-3.1" rotation="0" />
  </GameObjects>
</Level>
