<?xml version="1.0" encoding="utf-16"?>
<Level width="2">
  <Camera x="0" y="-1" minWidth="25" maxWidth="35" />
  <Score highScore="0" />
  <Birds>
    <Bird type="BirdRed"/>
  </Birds>
  <Slingshot x="-12.0" y="-2.5" />
  <GameObjects>
    <Pig type="BasicSmall" material="" x="-1.9827" y="2.8906" rotation="1.0769" />
    <Block type="Circle" material="wood" x="-2.0586" y="4.2879" rotation="359.8677" />
    <Platform type="Platform" material="" x="-1.9905" y="2.4094" rotation="0.0" scaleX="2.089" scaleY="0.763" />
    <Platform type="Platform" material="" x="-2.0185" y="3.6534" rotation="0.0" scaleX="2.089" scaleY="0.763" />
    <Block type="RectBig" material="ice" x="1.4952" y="-3.39" rotation="0" />
    <Block type="SquareHole" material="ice" x="-2.6165" y="-3.08" rotation="0" />
    <Block type="RectSmall" material="ice" x="4.6349" y="-3.39" rotation="0" />
  </GameObjects>
</Level>
