<?xml version="1.0" encoding="utf-16"?>
<Level width="2">
  <Camera x="0" y="-1" minWidth="25" maxWidth="35" />
  <Score highScore="0" />
  <Birds>
    <Bird type="BirdRed"/>
  </Birds>
  <Slingshot x="-12.0" y="-2.5" />
  <GameObjects>
    <Pig type="BasicSmall" material="" x="4.9692" y="0.2795" rotation="1.0769" />
    <Block type="Circle" material="wood" x="4.8933" y="1.6768" rotation="359.8677" />
    <Platform type="Platform" material="" x="4.9615" y="-0.2018" rotation="0.0" scaleX="2.089" scaleY="0.763" />
    <Platform type="Platform" material="" x="4.9335" y="1.0422" rotation="0.0" scaleX="2.089" scaleY="0.763" />
    <Block type="RectFat" material="wood" x="-4.2245" y="-3.285" rotation="0" />
    <Block type="TriangleHole" material="wood" x="0.3683" y="-3.09" rotation="0" />
    <Block type="SquareSmall" material="stone" x="-2.6245" y="-3.285" rotation="0" />
  </GameObjects>
</Level>
