<?xml version="1.0" encoding="utf-16"?>
<Level width="2">
  <Camera x="0" y="-1" minWidth="25" maxWidth="35" />
  <Score highScore="0" />
  <Birds>
    <Bird type="BirdRed"/>
  </Birds>
  <Slingshot x="-12.0" y="-2.5" />
  <GameObjects>
    <Pig type="BasicSmall" material="" x="4.6169" y="0.2851" rotation="1.0769" />
    <Block type="Circle" material="wood" x="4.541" y="1.6824" rotation="359.8677" />
    <Platform type="Platform" material="" x="4.6091" y="-0.1962" rotation="0.0" scaleX="2.089" scaleY="0.763" />
    <Platform type="Platform" material="" x="4.5811" y="1.0478" rotation="0.0" scaleX="2.089" scaleY="0.763" />
    <Block type="TriangleHole" material="ice" x="6.5751" y="-3.09" rotation="0" />
    <Block type="RectMedium" material="ice" x="-8.2073" y="-3.39" rotation="0" />
    <Block type="RectFat" material="stone" x="-2.1453" y="-3.285" rotation="0" />
  </GameObjects>
</Level>
