<?xml version="1.0" encoding="utf-16"?>
<Level width="2">
  <Camera x="0" y="-1" minWidth="25" maxWidth="35" />
  <Score highScore="0" />
  <Birds>
    <Bird type="BirdRed"/>
  </Birds>
  <Slingshot x="-12.0" y="-2.5" />
  <GameObjects>
    <Pig type="BasicSmall" material="" x="2.6651" y="-0.9959" rotation="1.0769" />
    <Block type="Circle" material="wood" x="2.5892" y="0.4014" rotation="359.8677" />
    <Platform type="Platform" material="" x="2.6573" y="-1.4771" rotation="0.0" scaleX="2.089" scaleY="0.763" />
    <Platform type="Platform" material="" x="2.6293" y="-0.2331" rotation="0.0" scaleX="2.089" scaleY="0.763" />
    <Block type="SquareSmall" material="stone" x="8.1124" y="-3.285" rotation="0" />
    <Block type="CircleSmall" material="wood" x="1.1559" y="-3.275" rotation="0" />
    <Block type="RectTiny" material="ice" x="-0.9132" y="-3.39" rotation="0" />
  </GameObjects>
</Level>
