<?xml version="1.0" encoding="utf-16"?>
<Level width="2">
  <Camera x="0" y="-1" minWidth="25" maxWidth="35" />
  <Score highScore="0" />
  <Birds>
    <Bird type="BirdRed"/>
  </Birds>
  <Slingshot x="-12.0" y="-2.5" />
  <GameObjects>
    <Pig type="BasicSmall" material="" x="-3.3288" y="3.1307" rotation="1.0769" />
    <Block type="Circle" material="wood" x="-3.4047" y="4.5279" rotation="359.8677" />
    <Platform type="Platform" material="" x="-3.3366" y="2.6494" rotation="0.0" scaleX="2.089" scaleY="0.763" />
    <Platform type="Platform" material="" x="-3.3646" y="3.8934" rotation="0.0" scaleX="2.089" scaleY="0.763" />
    <Block type="RectSmall" material="stone" x="7.3003" y="-3.39" rotation="0" />
    <Block type="Circle" material="stone" x="-1.9735" y="-3.1" rotation="0" />
    <Block type="TriangleHole" material="ice" x="-4.1812" y="-3.09" rotation="0" />
  </GameObjects>
</Level>
