<?xml version="1.0" encoding="utf-16"?>
<Level width="2">
  <Camera x="0" y="-1" minWidth="25" maxWidth="35" />
  <Score highScore="0" />
  <Birds>
    <Bird type="BirdRed"/>
  </Birds>
  <Slingshot x="-12.0" y="-2.5" />
  <GameObjects>
    <Pig type="BasicSmall" material="" x="4.0134" y="-1.0238" rotation="1.0769" />
    <Block type="Circle" material="wood" x="3.9375" y="0.3735" rotation="359.8677" />
    <Platform type="Platform" material="" x="4.0056" y="-1.5051" rotation="0.0" scaleX="2.089" scaleY="0.763" />
    <Platform type="Platform" material="" x="3.9776" y="-0.2611" rotation="0.0" scaleX="2.089" scaleY="0.763" />
    <Block type="RectSmall" material="wood" x="-3.3303" y="-3.39" rotation="0" />
    <Platform type="Platform" material="" x="8.718" y="-3.18" rotation="0" scaleX="1.0" scaleY="1.0" />
    <Platform type="Platform" material="" x="2.0483" y="-3.18" rotation="0" scaleX="1.0" scaleY="1.0" />
  </GameObjects>
</Level>
