<?xml version="1.0" encoding="utf-16"?>
<Level width="2">
  <Camera x="0" y="-1" minWidth="25" maxWidth="35" />
  <Score highScore="0" />
  <Birds>
    <Bird type="BirdRed"/>
  </Birds>
  <Slingshot x="-12.0" y="-2.5" />
  <GameObjects>
    <Pig type="BasicSmall" material="" x="-3.1278" y="-0.3493" rotation="1.0769" />
    <Block type="Circle" material="wood" x="-3.2037" y="1.048" rotation="359.8677" />
    <Platform type="Platform" material="" x="-3.1356" y="-0.8306" rotation="0.0" scaleX="2.089" scaleY="0.763" />
    <Platform type="Platform" material="" x="-3.1636" y="0.4135" rotation="0.0" scaleX="2.089" scaleY="0.763" />
    <Platform type="Platform" material="" x="5.2248" y="-3.18" rotation="0" scaleX="1.0" scaleY="1.0" />
    <Block type="CircleSmall" material="ice" x="-0.0007" y="-3.275" rotation="0" />
    <Block type="TriangleHole" material="stone" x="-5.9673" y="-3.09" rotation="0" />
  </GameObjects>
</Level>
