<?xml version="1.0" encoding="utf-16"?>
<Level width="2">
  <Camera x="0" y="-1" minWidth="25" maxWidth="35" />
  <Score highScore="0" />
  <Birds>
    <Bird type="BirdRed"/>
  </Birds>
  <Slingshot x="-12.0" y="-2.5" />
  <GameObjects>
    <Pig type="BasicSmall" material="" x="-4.8495" y="1.4915" rotation="1.0769" />
    <Block type="Circle" material="wood" x="-4.9254" y="2.8888" rotation="359.8677" />
    <Platform type="Platform" material="" x="-4.8573" y="1.0102" rotation="0.0" scaleX="2.089" scaleY="0.763" />
    <Platform type="Platform" material="" x="-4.8853" y="2.2542" rotation="0.0" scaleX="2.089" scaleY="0.763" />
    <Block type="RectFat" material="wood" x="-8.723" y="-3.285" rotation="0" />
    <Block type="RectSmall" material="stone" x="8.8617" y="-3.39" rotation="0" />
    <Block type="RectMedium" material="stone" x="2.3235" y="-3.39" rotation="0" />
  </GameObjects>
</Level>
