<?xml version="1.0" encoding="utf-16"?>
<Level width="2">
  <Camera x="0" y="-1" minWidth="25" maxWidth="35" />
  <Score highScore="0" />
  <Birds>
    <Bird type="BirdRed"/>
  </Birds>
  <Slingshot x="-12.0" y="-2.5" />
  <GameObjects>
    <Pig type="BasicSmall" material="" x="-6.4146" y="3.0751" rotation="1.0769" />
    <Block type="Circle" material="wood" x="-6.4905" y="4.4724" rotation="359.8677" />
    <Platform type="Platform" material="" x="-6.4224" y="2.5938" rotation="0.0" scaleX="2.089" scaleY="0.763" />
    <Platform type="Platform" material="" x="-6.4504" y="3.8378" rotation="0.0" scaleX="2.089" scaleY="0.763" />
    <Block type="CircleSmall" material="stone" x="-1.6447" y="-3.275" rotation="0" />
    <Block type="SquareHole" material="ice" x="-9.5134" y="-3.08" rotation="0" />
    <Block type="Triangle" material="ice" x="9.2559" y="-3.09" rotation="0" />
  </GameObjects>
</Level>
