<?xml version="1.0" encoding="utf-16"?>
<Level width="2">
  <Camera x="0" y="-1" minWidth="25" maxWidth="35" />
  <Score highScore="0" />
  <Birds>
    <Bird type="BirdRed"/>
  </Birds>
  <Slingshot x="-12.0" y="-2.5" />
  <GameObjects>
    <Pig type="BasicSmall" material="" x="-3.7273" y="2.4345" rotation="1.0769" />
    <Block type="Circle" material="wood" x="-3.8032" y="3.8317" rotation="359.8677" />
    <Platform type="Platform" material="" x="-3.7351" y="1.9532" rotation="0.0" scaleX="2.089" scaleY="0.763" />
    <Platform type="Platform" material="" x="-3.7631" y="3.1972" rotation="0.0" scaleX="2.089" scaleY="0.763" />
    <Block type="RectBig" material="stone" x="6.8014" y="-3.39" rotation="0" />
    <Block type="CircleSmall" material="stone" x="2.9389" y="-3.275" rotation="0" />
    <Block type="RectSmall" material="wood" x="-7.4395" y="-3.39" rotation="0" />
  </GameObjects>
</Level>
