<?xml version="1.0" encoding="utf-16"?>
<Level width="2">
  <Camera x="0" y="-1" minWidth="25" maxWidth="35" />
  <Score highScore="0" />
  <Birds>
    <Bird type="BirdRed"/>
  </Birds>
  <Slingshot x="-12.0" y="-2.5" />
  <GameObjects>
    <Pig type="BasicSmall" material="" x="-4.2239" y="1.5843" rotation="1.0769" />
    <Block type="Circle" material="wood" x="-4.2998" y="2.9816" rotation="359.8677" />
    <Platform type="Platform" material="" x="-4.2316" y="1.103" rotation="0.0" scaleX="2.089" scaleY="0.763" />
    <Platform type="Platform" material="" x="-4.2596" y="2.347" rotation="0.0" scaleX="2.089" scaleY="0.763" />
    <Block type="RectMedium" material="ice" x="-0.459" y="-3.39" rotation="0" />
    <Block type="RectFat" material="wood" x="-3.2019" y="-3.285" rotation="0" />
    <Block type="RectBig" material="stone" x="5.3998" y="-3.39" rotation="0" />
  </GameObjects>
</Level>
