<?xml version="1.0" encoding="utf-16"?>
<Level width="2">
  <Camera x="0" y="-1" minWidth="25" maxWidth="35" />
  <Score highScore="0" />
  <Birds>
    <Bird type="BirdRed"/>
  </Birds>
  <Slingshot x="-12.0" y="-2.5" />
  <GameObjects>
    <Pig type="BasicSmall" material="" x="3.4054" y="-1.0606" rotation="1.0769" />
    <Block type="Circle" material="wood" x="3.3295" y="0.3366" rotation="359.8677" />
    <Platform type="Platform" material="" x="3.3977" y="-1.5419" rotation="0.0" scaleX="2.089" scaleY="0.763" />
    <Platform type="Platform" material="" x="3.3697" y="-0.2979" rotation="0.0" scaleX="2.089" scaleY="0.763" />
    <Block type="RectMedium" material="ice" x="7.5395" y="-3.39" rotation="0" />
    <Block type="RectFat" material="stone" x="-9.0189" y="-3.285" rotation="0" />
    <Block type="CircleSmall" material="wood" x="-4.6918" y="-3.275" rotation="0" />
  </GameObjects>
</Level>
