<?xml version="1.0" encoding="utf-16"?>
<Level width="2">
  <Camera x="0" y="-1" minWidth="25" maxWidth="35" />
  <Score highScore="0" />
  <Birds>
    <Bird type="BirdRed"/>
  </Birds>
  <Slingshot x="-12.0" y="-2.5" />
  <GameObjects>
    <Pig type="BasicSmall" material="" x="3.1552" y="1.9344" rotation="1.0769" />
    <Block type="Circle" material="wood" x="3.0793" y="3.3317" rotation="359.8677" />
    <Platform type="Platform" material="" x="3.1474" y="1.4532" rotation="0.0" scaleX="2.089" scaleY="0.763" />
    <Platform type="Platform" material="" x="3.1194" y="2.6972" rotation="0.0" scaleX="2.089" scaleY="0.763" />
    <Block type="SquareSmall" material="ice" x="-8.8752" y="-3.285" rotation="0" />
    <Block type="SquareHole" material="wood" x="-3.4172" y="-3.08" rotation="0" />
    <Block type="RectMedium" material="ice" x="6.2189" y="-3.39" rotation="0" />
  </GameObjects>
</Level>
