<?xml version="1.0" encoding="utf-16"?>
<Level width="2">
  <Camera x="0" y="-1" minWidth="25" maxWidth="35" />
  <Score highScore="0" />
  <Birds>
    <Bird type="BirdRed"/>
  </Birds>
  <Slingshot x="-12.0" y="-2.5" />
  <GameObjects>
    <Pig type="BasicSmall" material="" x="3.5321" y="1.7049" rotation="1.0769" />
    <Block type="Circle" material="wood" x="3.4562" y="3.1021" rotation="359.8677" />
    <Platform type="Platform" material="" x="3.5244" y="1.2236" rotation="0.0" scaleX="2.089" scaleY="0.763" />
    <Platform type="Platform" material="" x="3.4964" y="2.4676" rotation="0.0" scaleX="2.089" scaleY="0.763" />
    <Block type="RectSmall" material="ice" x="-9.0394" y="-3.39" rotation="0" />
    <Block type="CircleSmall" material="stone" x="-6.8228" y="-3.275" rotation="0" />
    <Block type="CircleSmall" material="ice" x="9.3313" y="-3.275" rotation="0" />
  </GameObjects>
</Level>
