<?xml version="1.0" encoding="utf-16"?>
<Level width="2">
  <Camera x="0" y="-1" minWidth="25" maxWidth="35" />
  <Score highScore="0" />
  <Birds>
    <Bird type="BirdRed"/>
  </Birds>
  <Slingshot x="-12.0" y="-2.5" />
  <GameObjects>
    <Pig type="BasicSmall" material="" x="0.7153" y="-1.8612" rotation="1.0769" />
    <Block type="Circle" material="wood" x="0.6394" y="-0.4639" rotation="359.8677" />
    <Platform type="Platform" material="" x="0.7076" y="-2.3425" rotation="0.0" scaleX="2.089" scaleY="0.763" />
    <Platform type="Platform" material="" x="0.6796" y="-1.0985" rotation="0.0" scaleX="2.089" scaleY="0.763" />
    <Block type="RectMedium" material="stone" x="9.022" y="-3.39" rotation="0" />
    <Block type="RectBig" material="stone" x="-6.1483" y="-3.39" rotation="0" />
    <Block type="RectTiny" material="ice" x="5.6094" y="-3.39" rotation="0" />
  </GameObjects>
</Level>
