<?xml version="1.0" encoding="utf-16"?>
<Level width="2">
  <Camera x="0" y="-1" minWidth="25" maxWidth="35" />
  <Score highScore="0" />
  <Birds>
    <Bird type="BirdRed"/>
  </Birds>
  <Slingshot x="-12.0" y="-2.5" />
  <GameObjects>
    <Pig type="BasicSmall" material="" x="-4.2661" y="-2.6359" rotation="1.0769" />
    <Block type="Circle" material="wood" x="-4.342" y="-1.2387" rotation="359.8677" />
    <Platform type="Platform" material="" x="-4.2738" y="-3.1172" rotation="0.0" scaleX="2.089" scaleY="0.763" />
    <Platform type="Platform" material="" x="-4.3018" y="-1.8732" rotation="0.0" scaleX="2.089" scaleY="0.763" />
    <Block type="TriangleHole" material="wood" x="5.8358" y="-3.09" rotation="0" />
    <Block type="RectBig" material="wood" x="-1.4002" y="-3.39" rotation="0" />
    <Block type="TriangleHole" material="ice" x="8.7214" y="-3.09" rotation="0" />
  </GameObjects>
</Level>
