<?xml version="1.0" encoding="utf-16"?>
<Level width="2">
  <Camera x="0" y="-1" minWidth="25" maxWidth="35" />
  <Score highScore="0" />
  <Birds>
    <Bird type="BirdRed"/>
  </Birds>
  <Slingshot x="-12.0" y="-2.5" />
  <GameObjects>
    <Pig type="BasicSmall" material="" x="1.9889" y="-2.5497" rotation="1.0769" />
    <Block type="Circle" material="wood" x="1.913" y="-1.1524" rotation="359.8677" />
    <Platform type="Platform" material="" x="1.9812" y="-3.031" rotation="0.0" scaleX="2.089" scaleY="0.763" />
    <Platform type="Platform" material="" x="1.9532" y="-1.787" rotation="0.0" scaleX="2.089" scaleY="0.763" />
    <Block type="SquareTiny" material="stone" x="7.5902" y="-3.39" rotation="0" />
    <Block type="TriangleHole" material="wood" x="-6.4098" y="-3.09" rotation="0" />
    <Block type="RectTiny" material="ice" x="8.7748" y="-3.39" rotation="0" />
  </GameObjects>
</Level>
