<?xml version="1.0" encoding="utf-16"?>
<Level width="2">
  <Camera x="0" y="-1" minWidth="25" maxWidth="35" />
  <Score highScore="0" />
  <Birds>
    <Bird type="BirdRed"/>
  </Birds>
  <Slingshot x="-12.0" y="-2.5" />
  <GameObjects>
    <Pig type="BasicSmall" material="" x="-2.725" y="-0.313" rotation="1.0769" />
    <Block type="Circle" material="wood" x="-2.8009" y="1.0843" rotation="359.8677" />
    <Platform type="Platform" material="" x="-2.7327" y="-0.7943" rotation="0.0" scaleX="2.089" scaleY="0.763" />
    <Platform type="Platform" material="" x="-2.7607" y="0.4497" rotation="0.0" scaleX="2.089" scaleY="0.763" />
    <Block type="SquareTiny" material="ice" x="-3.3037" y="-3.39" rotation="0" />
    <Platform type="Platform" material="" x="-0.1316" y="-3.18" rotation="0" scaleX="1.0" scaleY="1.0" />
    <Block type="SquareHole" material="stone" x="-5.9385" y="-3.08" rotation="0" />
  </GameObjects>
</Level>
