<?xml version="1.0" encoding="utf-16"?>
<Level width="2">
  <Camera x="0" y="-1" minWidth="25" maxWidth="35" />
  <Score highScore="0" />
  <Birds>
    <Bird type="BirdRed"/>
  </Birds>
  <Slingshot x="-12.0" y="-2.5" />
  <GameObjects>
    <Pig type="BasicSmall" material="" x="3.8453" y="0.3268" rotation="1.0769" />
    <Block type="Circle" material="wood" x="3.7694" y="1.7241" rotation="359.8677" />
    <Platform type="Platform" material="" x="3.8375" y="-0.1544" rotation="0.0" scaleX="2.089" scaleY="0.763" />
    <Platform type="Platform" material="" x="3.8095" y="1.0896" rotation="0.0" scaleX="2.089" scaleY="0.763" />
    <Block type="Circle" material="stone" x="-0.5375" y="-3.1" rotation="0" />
    <Platform type="Platform" material="" x="4.2711" y="-3.18" rotation="0" scaleX="1.0" scaleY="1.0" />
    <Block type="SquareTiny" material="wood" x="7.3002" y="-3.39" rotation="0" />
  </GameObjects>
</Level>
