<?xml version="1.0" encoding="utf-16"?>
<Level width="2">
  <Camera x="0" y="-1" minWidth="25" maxWidth="35" />
  <Score highScore="0" />
  <Birds>
    <Bird type="BirdRed"/>
  </Birds>
  <Slingshot x="-12.0" y="-2.5" />
  <GameObjects>
    <Pig type="BasicSmall" material="" x="1.2183" y="1.2599" rotation="1.0769" />
    <Block type="Circle" material="wood" x="1.1424" y="2.6572" rotation="359.8677" />
    <Platform type="Platform" material="" x="1.2105" y="0.7786" rotation="0.0" scaleX="2.089" scaleY="0.763" />
    <Platform type="Platform" material="" x="1.1825" y="2.0227" rotation="0.0" scaleX="2.089" scaleY="0.763" />
    <Block type="RectFat" material="stone" x="-0.9653" y="-3.285" rotation="0" />
    <Block type="CircleSmall" material="wood" x="-9.2578" y="-3.275" rotation="0" />
    <Block type="SquareTiny" material="stone" x="-3.9762" y="-3.39" rotation="0" />
  </GameObjects>
</Level>
