<?xml version="1.0" encoding="utf-16"?>
<Level width="2">
  <Camera x="0" y="-1" minWidth="25" maxWidth="35" />
  <Score highScore="0" />
  <Birds>
    <Bird type="BirdRed"/>
  </Birds>
  <Slingshot x="-12.0" y="-2.5" />
  <GameObjects>
    <Pig type="BasicSmall" material="" x="-0.484" y="1.0577" rotation="1.0769" />
    <Block type="Circle" material="wood" x="-0.5599" y="2.4549" rotation="359.8677" />
    <Platform type="Platform" material="" x="-0.4917" y="0.5764" rotation="0.0" scaleX="2.089" scaleY="0.763" />
    <Platform type="Platform" material="" x="-0.5197" y="1.8204" rotation="0.0" scaleX="2.089" scaleY="0.763" />
    <Block type="RectTiny" material="stone" x="4.3884" y="-3.39" rotation="0" />
    <Block type="RectFat" material="ice" x="-4.1379" y="-3.285" rotation="0" />
    <Block type="CircleSmall" material="wood" x="9.3148" y="-3.275" rotation="0" />
  </GameObjects>
</Level>
