<?xml version="1.0" encoding="utf-16"?>
<Level width="2">
  <Camera x="0" y="-1" minWidth="25" maxWidth="35" />
  <Score highScore="0" />
  <Birds>
    <Bird type="BirdRed"/>
  </Birds>
  <Slingshot x="-12.0" y="-2.5" />
  <GameObjects>
    <Pig type="BasicSmall" material="" x="5.662" y="-1.3719" rotation="1.0769" />
    <Block type="Circle" material="wood" x="5.5861" y="0.0253" rotation="359.8677" />
    <Platform type="Platform" material="" x="5.6543" y="-1.8532" rotation="0.0" scaleX="2.089" scaleY="0.763" />
    <Platform type="Platform" material="" x="5.6263" y="-0.6092" rotation="0.0" scaleX="2.089" scaleY="0.763" />
    <Block type="CircleSmall" material="wood" x="2.8353" y="-3.275" rotation="0" />
    <Block type="Triangle" material="wood" x="-4.9923" y="-3.09" rotation="0" />
    <Block type="Circle" material="wood" x="-7.2993" y="-3.1" rotation="0" />
  </GameObjects>
</Level>
