<?xml version="1.0" encoding="utf-16"?>
<Level width="2">
  <Camera x="0" y="-1" minWidth="25" maxWidth="35" />
  <Score highScore="0" />
  <Birds>
    <Bird type="BirdRed"/>
  </Birds>
  <Slingshot x="-12.0" y="-2.5" />
  <GameObjects>
    <Pig type="BasicSmall" material="" x="-6.2182" y="-2.609" rotation="1.0769" />
    <Block type="Circle" material="wood" x="-6.2941" y="-1.2117" rotation="359.8677" />
    <Platform type="Platform" material="" x="-6.2259" y="-3.0902" rotation="0.0" scaleX="2.089" scaleY="0.763" />
    <Platform type="Platform" material="" x="-6.2539" y="-1.8462" rotation="0.0" scaleX="2.089" scaleY="0.763" />
    <Block type="RectSmall" material="stone" x="9.1139" y="-3.39" rotation="0" />
    <Block type="RectBig" material="ice" x="0.0747" y="-3.39" rotation="0" />
    <Block type="RectSmall" material="stone" x="4.0623" y="-3.39" rotation="0" />
  </GameObjects>
</Level>
