<?xml version="1.0" encoding="utf-16"?>
<Level width="2">
  <Camera x="0" y="-1" minWidth="25" maxWidth="35" />
  <Score highScore="0" />
  <Birds>
    <Bird type="BirdRed"/>
  </Birds>
  <Slingshot x="-12.0" y="-2.5" />
  <GameObjects>
    <Pig type="BasicSmall" material="" x="1.0276" y="1.8097" rotation="1.0769" />
    <Block type="Circle" material="wood" x="0.9517" y="3.207" rotation="359.8677" />
    <Platform type="Platform" material="" x="1.0199" y="1.3284" rotation="0.0" scaleX="2.089" scaleY="0.763" />
    <Platform type="Platform" material="" x="0.9919" y="2.5724" rotation="0.0" scaleX="2.089" scaleY="0.763" />
    <Block type="RectSmall" material="wood" x="-7.2871" y="-3.39" rotation="0" />
    <Platform type="Platform" material="" x="-1.0838" y="-3.18" rotation="0" scaleX="1.0" scaleY="1.0" />
    <Block type="SquareHole" material="wood" x="-5.7723" y="-3.08" rotation="0" />
  </GameObjects>
</Level>
