<?xml version="1.0" encoding="utf-16"?>
<Level width="2">
  <Camera x="0" y="-1" minWidth="25" maxWidth="35" />
  <Score highScore="0" />
  <Birds>
    <Bird type="BirdRed"/>
  </Birds>
  <Slingshot x="-12.0" y="-2.5" />
  <GameObjects>
    <Pig type="BasicSmall" material="" x="-1.102" y="-1.0631" rotation="1.0769" />
    <Block type="Circle" material="wood" x="-1.178" y="0.3342" rotation="359.8677" />
    <Platform type="Platform" material="" x="-1.1098" y="-1.5444" rotation="0.0" scaleX="2.089" scaleY="0.763" />
    <Platform type="Platform" material="" x="-1.1378" y="-0.3004" rotation="0.0" scaleX="2.089" scaleY="0.763" />
    <Block type="TriangleHole" material="stone" x="-3.6477" y="-3.09" rotation="0" />
    <Block type="SquareHole" material="ice" x="-1.2303" y="-3.08" rotation="0" />
    <Block type="RectSmall" material="stone" x="-5.9496" y="-3.39" rotation="0" />
  </GameObjects>
</Level>
