<?xml version="1.0" encoding="utf-16"?>
<Level width="2">
  <Camera x="0" y="-1" minWidth="25" maxWidth="35" />
  <Score highScore="0" />
  <Birds>
    <Bird type="BirdRed"/>
  </Birds>
  <Slingshot x="-12.0" y="-2.5" />
  <GameObjects>
    <Pig type="BasicSmall" material="" x="-0.7046" y="-2.8181" rotation="1.0769" />
    <Block type="Circle" material="wood" x="-0.7805" y="-1.4208" rotation="359.8677" />
    <Platform type="Platform" material="" x="-0.7124" y="-3.2994" rotation="0.0" scaleX="2.089" scaleY="0.763" />
    <Platform type="Platform" material="" x="-0.7404" y="-2.0554" rotation="0.0" scaleX="2.089" scaleY="0.763" />
    <Block type="RectFat" material="ice" x="6.5197" y="-3.285" rotation="0" />
    <Block type="RectMedium" material="wood" x="-7.836" y="-3.39" rotation="0" />
    <Platform type="Platform" material="" x="1.1686" y="-3.18" rotation="0" scaleX="1.0" scaleY="1.0" />
  </GameObjects>
</Level>
