<?xml version="1.0" encoding="utf-16"?>
<Level width="2">
  <Camera x="0" y="-1" minWidth="25" maxWidth="35" />
  <Score highScore="0" />
  <Birds>
    <Bird type="BirdRed"/>
  </Birds>
  <Slingshot x="-12.0" y="-2.5" />
  <GameObjects>
    <Pig type="BasicSmall" material="" x="1.3996" y="-2.5921" rotation="1.0769" />
    <Block type="Circle" material="wood" x="1.3237" y="-1.1948" rotation="359.8677" />
    <Platform type="Platform" material="" x="1.3918" y="-3.0734" rotation="0.0" scaleX="2.089" scaleY="0.763" />
    <Platform type="Platform" material="" x="1.3638" y="-1.8294" rotation="0.0" scaleX="2.089" scaleY="0.763" />
    <Block type="TriangleHole" material="ice" x="7.2872" y="-3.09" rotation="0" />
    <Block type="RectFat" material="stone" x="-8.8957" y="-3.285" rotation="0" />
    <Block type="RectBig" material="stone" x="5.5655" y="-3.39" rotation="0" />
  </GameObjects>
</Level>
