<?xml version="1.0" encoding="utf-16"?>
<Level width="2">
  <Camera x="0" y="-1" minWidth="25" maxWidth="35" />
  <Score highScore="0" />
  <Birds>
    <Bird type="BirdRed"/>
  </Birds>
  <Slingshot x="-12.0" y="-2.5" />
  <GameObjects>
    <Pig type="BasicSmall" material="" x="2.5215" y="-0.0746" rotation="1.0769" />
    <Block type="Circle" material="wood" x="2.4456" y="1.3226" rotation="359.8677" />
    <Platform type="Platform" material="" x="2.5137" y="-0.5559" rotation="0.0" scaleX="2.089" scaleY="0.763" />
    <Platform type="Platform" material="" x="2.4857" y="0.6881" rotation="0.0" scaleX="2.089" scaleY="0.763" />
    <Platform type="Platform" material="" x="-9.5164" y="-3.18" rotation="0" scaleX="1.0" scaleY="1.0" />
    <Block type="Triangle" material="wood" x="9.3051" y="-3.09" rotation="0" />
    <Platform type="Platform" material="" x="-5.5919" y="-3.18" rotation="0" scaleX="1.0" scaleY="1.0" />
  </GameObjects>
</Level>
