<?xml version="1.0" encoding="utf-16"?>
<Level width="2">
  <Camera x="0" y="-1" minWidth="25" maxWidth="35" />
  <Score highScore="0" />
  <Birds>
    <Bird type="BirdRed"/>
  </Birds>
  <Slingshot x="-12.0" y="-2.5" />
  <GameObjects>
    <Pig type="BasicSmall" material="" x="-4.8362" y="3.3478" rotation="1.0769" />
    <Block type="Circle" material="wood" x="-4.9121" y="4.7451" rotation="359.8677" />
    <Platform type="Platform" material="" x="-4.8439" y="2.8666" rotation="0.0" scaleX="2.089" scaleY="0.763" />
    <Platform type="Platform" material="" x="-4.8719" y="4.1106" rotation="0.0" scaleX="2.089" scaleY="0.763" />
    <Block type="SquareTiny" material="stone" x="2.9359" y="-3.39" rotation="0" />
    <Block type="RectFat" material="stone" x="-4.5322" y="-3.285" rotation="0" />
    <Block type="RectFat" material="stone" x="6.6045" y="-3.285" rotation="0" />
  </GameObjects>
</Level>
