<?xml version="1.0" encoding="utf-16"?>
<Level width="2">
  <Camera x="0" y="-1" minWidth="25" maxWidth="35" />
  <Score highScore="0" />
  <Birds>
    <Bird type="BirdRed"/>
  </Birds>
  <Slingshot x="-12.0" y="-2.5" />
  <GameObjects>
    <Pig type="BasicSmall" material="" x="1.3618" y="1.5105" rotation="1.0769" />
    <Block type="Circle" material="wood" x="1.2858" y="2.9078" rotation="359.8677" />
    <Platform type="Platform" material="" x="1.354" y="1.0292" rotation="0.0" scaleX="2.089" scaleY="0.763" />
    <Platform type="Platform" material="" x="1.326" y="2.2732" rotation="0.0" scaleX="2.089" scaleY="0.763" />
    <Block type="SquareTiny" material="wood" x="-5.1957" y="-3.39" rotation="0" />
    <Block type="RectBig" material="ice" x="5.005" y="-3.39" rotation="0" />
    <Block type="RectFat" material="wood" x="-2.0524" y="-3.285" rotation="0" />
  </GameObjects>
</Level>
