<?xml version="1.0" encoding="utf-16"?>
<Level width="2">
  <Camera x="0" y="-1" minWidth="25" maxWidth="35" />
  <Score highScore="0" />
  <Birds>
    <Bird type="BirdRed"/>
  </Birds>
  <Slingshot x="-12.0" y="-2.5" />
  <GameObjects>
    <Pig type="BasicSmall" material="" x="-6.3502" y="-1.441" rotation="1.0769" />
    <Block type="Circle" material="wood" x="-6.4261" y="-0.0438" rotation="359.8677" />
    <Platform type="Platform" material="" x="-6.3579" y="-1.9223" rotation="0.0" scaleX="2.089" scaleY="0.763" />
    <Platform type="Platform" material="" x="-6.3859" y="-0.6783" rotation="0.0" scaleX="2.089" scaleY="0.763" />
    <Block type="RectSmall" material="wood" x="2.8199" y="-3.39" rotation="0" />
    <Block type="Triangle" material="ice" x="-3.8308" y="-3.09" rotation="0" />
    <Block type="RectFat" material="wood" x="-2.1465" y="-3.285" rotation="0" />
  </GameObjects>
</Level>
