<?xml version="1.0" encoding="utf-16"?>
<Level width="2">
  <Camera x="0" y="-1" minWidth="25" maxWidth="35" />
  <Score highScore="0" />
  <Birds>
    <Bird type="BirdRed"/>
  </Birds>
  <Slingshot x="-12.0" y="-2.5" />
  <GameObjects>
    <Pig type="BasicSmall" material="" x="0.5249" y="2.132" rotation="1.0769" />
    <Block type="Circle" material="wood" x="0.449" y="3.5293" rotation="359.8677" />
    <Platform type="Platform" material="" x="0.5171" y="1.6507" rotation="0.0" scaleX="2.089" scaleY="0.763" />
    <Platform type="Platform" material="" x="0.4891" y="2.8947" rotation="0.0" scaleX="2.089" scaleY="0.763" />
    <Block type="SquareSmall" material="wood" x="-1.0866" y="-3.285" rotation="0" />
    <Platform type="Platform" material="" x="4.3149" y="-3.18" rotation="0" scaleX="1.0" scaleY="1.0" />
    <Block type="Circle" material="wood" x="1.48" y="-3.1" rotation="0" />
  </GameObjects>
</Level>
