<?xml version="1.0" encoding="utf-16"?>
<Level width="2">
  <Camera x="0" y="-1" minWidth="25" maxWidth="35" />
  <Score highScore="0" />
  <Birds>
    <Bird type="BirdRed"/>
  </Birds>
  <Slingshot x="-12.0" y="-2.5" />
  <GameObjects>
    <Pig type="BasicSmall" material="" x="2.4518" y="1.3207" rotation="1.0769" />
    <Block type="Circle" material="wood" x="2.3759" y="2.718" rotation="359.8677" />
    <Platform type="Platform" material="" x="2.4441" y="0.8394" rotation="0.0" scaleX="2.089" scaleY="0.763" />
    <Platform type="Platform" material="" x="2.4161" y="2.0835" rotation="0.0" scaleX="2.089" scaleY="0.763" />
    <Block type="Circle" material="wood" x="-1.4905" y="-3.1" rotation="0" />
    <Platform type="Platform" material="" x="-7.5461" y="-3.18" rotation="0" scaleX="1.0" scaleY="1.0" />
    <Block type="SquareTiny" material="wood" x="0.6872" y="-3.39" rotation="0" />
  </GameObjects>
</Level>
