<?xml version="1.0" encoding="utf-16"?>
<Level width="2">
  <Camera x="0" y="-1" minWidth="25" maxWidth="35" />
  <Score highScore="0" />
  <Birds>
    <Bird type="BirdRed"/>
  </Birds>
  <Slingshot x="-12.0" y="-2.5" />
  <GameObjects>
    <Pig type="BasicSmall" material="" x="-0.156" y="0.3541" rotation="1.0769" />
    <Block type="Circle" material="wood" x="-0.2319" y="1.7514" rotation="359.8677" />
    <Platform type="Platform" material="" x="-0.1637" y="-0.1272" rotation="0.0" scaleX="2.089" scaleY="0.763" />
    <Platform type="Platform" material="" x="-0.1917" y="1.1168" rotation="0.0" scaleX="2.089" scaleY="0.763" />
    <Block type="RectMedium" material="ice" x="-3.9098" y="-3.39" rotation="0" />
    <Block type="SquareSmall" material="wood" x="6.9231" y="-3.285" rotation="0" />
    <Block type="Triangle" material="stone" x="-8.5658" y="-3.09" rotation="0" />
  </GameObjects>
</Level>
