<?xml version="1.0" encoding="utf-16"?>
<Level width="2">
  <Camera x="0" y="-1" minWidth="25" maxWidth="35" />
  <Score highScore="0" />
  <Birds>
    <Bird type="BirdRed"/>
  </Birds>
  <Slingshot x="-12.0" y="-2.5" />
  <GameObjects>
    <Pig type="BasicSmall" material="" x="-0.1762" y="-1.1352" rotation="1.0769" />
    <Block type="Circle" material="wood" x="-0.2521" y="0.2621" rotation="359.8677" />
    <Platform type="Platform" material="" x="-0.184" y="-1.6164" rotation="0.0" scaleX="2.089" scaleY="0.763" />
    <Platform type="Platform" material="" x="-0.212" y="-0.3724" rotation="0.0" scaleX="2.089" scaleY="0.763" />
    <Block type="RectMedium" material="stone" x="-2.5005" y="-3.39" rotation="0" />
    <Block type="Circle" material="wood" x="-4.6819" y="-3.1" rotation="0" />
    <Block type="RectSmall" material="wood" x="6.2515" y="-3.39" rotation="0" />
  </GameObjects>
</Level>
