<?xml version="1.0" encoding="utf-16"?>
<Level width="2">
  <Camera x="0" y="-1" minWidth="25" maxWidth="35" />
  <Score highScore="0" />
  <Birds>
    <Bird type="BirdRed"/>
  </Birds>
  <Slingshot x="-12.0" y="-2.5" />
  <GameObjects>
    <Pig type="BasicSmall" material="" x="-3.9011" y="-0.0775" rotation="1.1537" />
    <Block type="CircleSmall" material="wood" x="-4.0811" y="3.7734" rotation="0.0075" />
    <Block type="CircleSmall" material="stone" x="-3.0311" y="3.7735" rotation="0.0339" />
    <Block type="CircleSmall" material="ice" x="-5.1211" y="3.7735" rotation="0.0339" />
    <Platform type="Platform" material="" x="-4.0081" y="-0.4716" rotation="0.0" scaleX="2.791" scaleY="0.4938" />
    <Platform type="Platform" material="" x="-3.9861" y="3.3904" rotation="0.0" scaleX="4.6864" scaleY="0.4938" />
    <Platform type="Platform" material="" x="-4.7711" y="0.0634" rotation="90.0" scaleX="2.1128" scaleY="0.4938" />
    <Platform type="Platform" material="" x="-3.0411" y="0.0604" rotation="90.0" scaleX="2.1128" scaleY="0.4938" />
    <Block type="SquareSmall" material="wood" x="3.9208" y="-3.285" rotation="0" />
    <Block type="SquareSmall" material="ice" x="-1.849" y="-3.285" rotation="0" />
    <Block type="TriangleHole" material="ice" x="-6.6086" y="-3.09" rotation="0" />
  </GameObjects>
</Level>
