<?xml version="1.0" encoding="utf-16"?>
<Level width="2">
  <Camera x="0" y="-1" minWidth="25" maxWidth="35" />
  <Score highScore="0" />
  <Birds>
    <Bird type="BirdRed"/>
  </Birds>
  <Slingshot x="-12.0" y="-2.5" />
  <GameObjects>
    <Pig type="BasicSmall" material="" x="-0.5722" y="-0.0269" rotation="1.1537" />
    <Block type="CircleSmall" material="wood" x="-0.7523" y="3.824" rotation="0.0075" />
    <Block type="CircleSmall" material="stone" x="0.2977" y="3.824" rotation="0.0339" />
    <Block type="CircleSmall" material="ice" x="-1.7923" y="3.824" rotation="0.0339" />
    <Platform type="Platform" material="" x="-0.6793" y="-0.4211" rotation="0.0" scaleX="2.791" scaleY="0.4938" />
    <Platform type="Platform" material="" x="-0.6573" y="3.4409" rotation="0.0" scaleX="4.6864" scaleY="0.4938" />
    <Platform type="Platform" material="" x="-1.4423" y="0.1139" rotation="90.0" scaleX="2.1128" scaleY="0.4938" />
    <Platform type="Platform" material="" x="0.2877" y="0.1109" rotation="90.0" scaleX="2.1128" scaleY="0.4938" />
    <Block type="SquareSmall" material="stone" x="-7.9256" y="-3.285" rotation="0" />
    <Block type="RectBig" material="wood" x="4.2725" y="-3.39" rotation="0" />
    <Block type="RectMedium" material="stone" x="-2.0499" y="-3.39" rotation="0" />
  </GameObjects>
</Level>
