<?xml version="1.0" encoding="utf-16"?>
<Level width="2">
  <Camera x="0" y="-1" minWidth="25" maxWidth="35" />
  <Score highScore="0" />
  <Birds>
    <Bird type="BirdRed"/>
  </Birds>
  <Slingshot x="-12.0" y="-2.5" />
  <GameObjects>
    <Pig type="BasicSmall" material="" x="0.4745" y="-1.2659" rotation="1.1537" />
    <Block type="CircleSmall" material="wood" x="0.2945" y="2.585" rotation="0.0075" />
    <Block type="CircleSmall" material="stone" x="1.3444" y="2.585" rotation="0.0339" />
    <Block type="CircleSmall" material="ice" x="-0.7456" y="2.585" rotation="0.0339" />
    <Platform type="Platform" material="" x="0.3675" y="-1.6601" rotation="0.0" scaleX="2.791" scaleY="0.4938" />
    <Platform type="Platform" material="" x="0.3895" y="2.2019" rotation="0.0" scaleX="4.6864" scaleY="0.4938" />
    <Platform type="Platform" material="" x="-0.3955" y="-1.1251" rotation="90.0" scaleX="2.1128" scaleY="0.4938" />
    <Platform type="Platform" material="" x="1.3345" y="-1.1281" rotation="90.0" scaleX="2.1128" scaleY="0.4938" />
    <Block type="SquareHole" material="wood" x="-6.8419" y="-3.08" rotation="0" />
    <Block type="Circle" material="stone" x="5.7343" y="-3.1" rotation="0" />
    <Block type="RectTiny" material="wood" x="3.4733" y="-3.39" rotation="0" />
  </GameObjects>
</Level>
