<?xml version="1.0" encoding="utf-16"?>
<Level width="2">
  <Camera x="0" y="-1" minWidth="25" maxWidth="35" />
  <Score highScore="0" />
  <Birds>
    <Bird type="BirdRed"/>
  </Birds>
  <Slingshot x="-12.0" y="-2.5" />
  <GameObjects>
    <Pig type="BasicSmall" material="" x="-0.9668" y="-2.1326" rotation="1.1537" />
    <Block type="CircleSmall" material="wood" x="-1.1468" y="1.7183" rotation="0.0075" />
    <Block type="CircleSmall" material="stone" x="-0.0968" y="1.7183" rotation="0.0339" />
    <Block type="CircleSmall" material="ice" x="-2.1868" y="1.7183" rotation="0.0339" />
    <Platform type="Platform" material="" x="-1.0738" y="-2.5268" rotation="0.0" scaleX="2.791" scaleY="0.4938" />
    <Platform type="Platform" material="" x="-1.0518" y="1.3352" rotation="0.0" scaleX="4.6864" scaleY="0.4938" />
    <Platform type="Platform" material="" x="-1.8368" y="-1.9918" rotation="90.0" scaleX="2.1128" scaleY="0.4938" />
    <Platform type="Platform" material="" x="-0.1068" y="-1.9948" rotation="90.0" scaleX="2.1128" scaleY="0.4938" />
    <Block type="RectMedium" material="wood" x="-3.5135" y="-3.39" rotation="0" />
    <Block type="SquareSmall" material="wood" x="3.5596" y="-3.285" rotation="0" />
    <Block type="RectBig" material="ice" x="6.9007" y="-3.39" rotation="0" />
  </GameObjects>
</Level>
