<?xml version="1.0" encoding="utf-16"?>
<Level width="2">
  <Camera x="0" y="-1" minWidth="25" maxWidth="35" />
  <Score highScore="0" />
  <Birds>
    <Bird type="BirdRed"/>
  </Birds>
  <Slingshot x="-12.0" y="-2.5" />
  <GameObjects>
    <Pig type="BasicSmall" material="" x="-4.5614" y="-2.3255" rotation="1.1537" />
    <Block type="CircleSmall" material="wood" x="-4.7415" y="1.5253" rotation="0.0075" />
    <Block type="CircleSmall" material="stone" x="-3.6915" y="1.5254" rotation="0.0339" />
    <Block type="CircleSmall" material="ice" x="-5.7815" y="1.5254" rotation="0.0339" />
    <Platform type="Platform" material="" x="-4.6685" y="-2.7197" rotation="0.0" scaleX="2.791" scaleY="0.4938" />
    <Platform type="Platform" material="" x="-4.6465" y="1.1423" rotation="0.0" scaleX="4.6864" scaleY="0.4938" />
    <Platform type="Platform" material="" x="-5.4315" y="-2.1847" rotation="90.0" scaleX="2.1128" scaleY="0.4938" />
    <Platform type="Platform" material="" x="-3.7015" y="-2.1877" rotation="90.0" scaleX="2.1128" scaleY="0.4938" />
    <Block type="Circle" material="stone" x="6.6426" y="-3.1" rotation="0" />
    <Block type="Triangle" material="ice" x="-7.1388" y="-3.09" rotation="0" />
    <Block type="Circle" material="ice" x="0.3607" y="-3.1" rotation="0" />
  </GameObjects>
</Level>
