<?xml version="1.0" encoding="utf-16"?>
<Level width="2">
  <Camera x="0" y="-1" minWidth="25" maxWidth="35" />
  <Score highScore="0" />
  <Birds>
    <Bird type="BirdRed"/>
  </Birds>
  <Slingshot x="-12.0" y="-2.5" />
  <GameObjects>
    <Pig type="BasicSmall" material="" x="0.5337" y="-0.2257" rotation="1.1537" />
    <Block type="CircleSmall" material="wood" x="0.3536" y="3.6252" rotation="0.0075" />
    <Block type="CircleSmall" material="stone" x="1.4036" y="3.6252" rotation="0.0339" />
    <Block type="CircleSmall" material="ice" x="-0.6864" y="3.6252" rotation="0.0339" />
    <Platform type="Platform" material="" x="0.4266" y="-0.6199" rotation="0.0" scaleX="2.791" scaleY="0.4938" />
    <Platform type="Platform" material="" x="0.4486" y="3.2421" rotation="0.0" scaleX="4.6864" scaleY="0.4938" />
    <Platform type="Platform" material="" x="-0.3364" y="-0.0849" rotation="90.0" scaleX="2.1128" scaleY="0.4938" />
    <Platform type="Platform" material="" x="1.3936" y="-0.0879" rotation="90.0" scaleX="2.1128" scaleY="0.4938" />
    <Block type="RectMedium" material="ice" x="-1.8687" y="-3.39" rotation="0" />
    <Block type="SquareTiny" material="wood" x="-8.2364" y="-3.39" rotation="0" />
    <Block type="RectBig" material="ice" x="-4.2957" y="-3.39" rotation="0" />
  </GameObjects>
</Level>
