<?xml version="1.0" encoding="utf-16"?>
<Level width="2">
  <Camera x="0" y="-1" minWidth="25" maxWidth="35" />
  <Score highScore="0" />
  <Birds>
    <Bird type="BirdRed"/>
  </Birds>
  <Slingshot x="-12.0" y="-2.5" />
  <GameObjects>
    <Pig type="BasicSmall" material="" x="-3.3735" y="-0.7801" rotation="1.1537" />
    <Block type="CircleSmall" material="wood" x="-3.5535" y="3.0708" rotation="0.0075" />
    <Block type="CircleSmall" material="stone" x="-2.5036" y="3.0709" rotation="0.0339" />
    <Block type="CircleSmall" material="ice" x="-4.5936" y="3.0709" rotation="0.0339" />
    <Platform type="Platform" material="" x="-3.4805" y="-1.1742" rotation="0.0" scaleX="2.791" scaleY="0.4938" />
    <Platform type="Platform" material="" x="-3.4585" y="2.6878" rotation="0.0" scaleX="4.6864" scaleY="0.4938" />
    <Platform type="Platform" material="" x="-4.2435" y="-0.6392" rotation="90.0" scaleX="2.1128" scaleY="0.4938" />
    <Platform type="Platform" material="" x="-2.5135" y="-0.6422" rotation="90.0" scaleX="2.1128" scaleY="0.4938" />
    <Block type="SquareTiny" material="ice" x="1.2127" y="-3.39" rotation="0" />
    <Platform type="Platform" material="" x="-1.5408" y="-3.18" rotation="0" scaleX="1.0" scaleY="1.0" />
    <Block type="RectSmall" material="wood" x="9.0895" y="-3.39" rotation="0" />
  </GameObjects>
</Level>
