<?xml version="1.0" encoding="utf-16"?>
<Level width="2">
  <Camera x="0" y="-1" minWidth="25" maxWidth="35" />
  <Score highScore="0" />
  <Birds>
    <Bird type="BirdRed"/>
  </Birds>
  <Slingshot x="-12.0" y="-2.5" />
  <GameObjects>
    <Pig type="BasicSmall" material="" x="-2.7978" y="-1.026" rotation="1.1537" />
    <Block type="CircleSmall" material="wood" x="-2.9778" y="2.8249" rotation="0.0075" />
    <Block type="CircleSmall" material="stone" x="-1.9278" y="2.8249" rotation="0.0339" />
    <Block type="CircleSmall" material="ice" x="-4.0178" y="2.8249" rotation="0.0339" />
    <Platform type="Platform" material="" x="-2.9048" y="-1.4201" rotation="0.0" scaleX="2.791" scaleY="0.4938" />
    <Platform type="Platform" material="" x="-2.8828" y="2.4419" rotation="0.0" scaleX="4.6864" scaleY="0.4938" />
    <Platform type="Platform" material="" x="-3.6678" y="-0.8852" rotation="90.0" scaleX="2.1128" scaleY="0.4938" />
    <Platform type="Platform" material="" x="-1.9378" y="-0.8881" rotation="90.0" scaleX="2.1128" scaleY="0.4938" />
    <Block type="RectMedium" material="wood" x="9.1033" y="-3.39" rotation="0" />
    <Block type="TriangleHole" material="ice" x="6.2417" y="-3.09" rotation="0" />
    <Block type="Triangle" material="wood" x="-0.1751" y="-3.09" rotation="0" />
  </GameObjects>
</Level>
