<?xml version="1.0" encoding="utf-16"?>
<Level width="2">
  <Camera x="0" y="-1" minWidth="25" maxWidth="35" />
  <Score highScore="0" />
  <Birds>
    <Bird type="BirdRed"/>
  </Birds>
  <Slingshot x="-12.0" y="-2.5" />
  <GameObjects>
    <Pig type="BasicSmall" material="" x="-0.8892" y="-1.1618" rotation="1.1537" />
    <Block type="CircleSmall" material="wood" x="-1.0692" y="2.6891" rotation="0.0075" />
    <Block type="CircleSmall" material="stone" x="-0.0192" y="2.6891" rotation="0.0339" />
    <Block type="CircleSmall" material="ice" x="-2.1092" y="2.6891" rotation="0.0339" />
    <Platform type="Platform" material="" x="-0.9962" y="-1.556" rotation="0.0" scaleX="2.791" scaleY="0.4938" />
    <Platform type="Platform" material="" x="-0.9742" y="2.306" rotation="0.0" scaleX="4.6864" scaleY="0.4938" />
    <Platform type="Platform" material="" x="-1.7592" y="-1.021" rotation="90.0" scaleX="2.1128" scaleY="0.4938" />
    <Platform type="Platform" material="" x="-0.0292" y="-1.024" rotation="90.0" scaleX="2.1128" scaleY="0.4938" />
    <Block type="CircleSmall" material="wood" x="-0.6229" y="-3.275" rotation="0" />
    <Block type="SquareTiny" material="wood" x="-3.4077" y="-3.39" rotation="0" />
    <Platform type="Platform" material="" x="-9.4108" y="-3.18" rotation="0" scaleX="1.0" scaleY="1.0" />
  </GameObjects>
</Level>
