<?xml version="1.0" encoding="utf-16"?>
<Level width="2">
  <Camera x="0" y="-1" minWidth="25" maxWidth="35" />
  <Score highScore="0" />
  <Birds>
    <Bird type="BirdRed"/>
  </Birds>
  <Slingshot x="-12.0" y="-2.5" />
  <GameObjects>
    <Pig type="BasicSmall" material="" x="-3.7456" y="-0.5702" rotation="1.1537" />
    <Block type="CircleSmall" material="wood" x="-3.9256" y="3.2806" rotation="0.0075" />
    <Block type="CircleSmall" material="stone" x="-2.8756" y="3.2807" rotation="0.0339" />
    <Block type="CircleSmall" material="ice" x="-4.9656" y="3.2807" rotation="0.0339" />
    <Platform type="Platform" material="" x="-3.8526" y="-0.9644" rotation="0.0" scaleX="2.791" scaleY="0.4938" />
    <Platform type="Platform" material="" x="-3.8306" y="2.8976" rotation="0.0" scaleX="4.6864" scaleY="0.4938" />
    <Platform type="Platform" material="" x="-4.6156" y="-0.4294" rotation="90.0" scaleX="2.1128" scaleY="0.4938" />
    <Platform type="Platform" material="" x="-2.8856" y="-0.4324" rotation="90.0" scaleX="2.1128" scaleY="0.4938" />
    <Block type="RectBig" material="ice" x="1.677" y="-3.39" rotation="0" />
    <Platform type="Platform" material="" x="-7.8673" y="-3.18" rotation="0" scaleX="1.0" scaleY="1.0" />
    <Block type="RectBig" material="wood" x="6.467" y="-3.39" rotation="0" />
  </GameObjects>
</Level>
