<?xml version="1.0" encoding="utf-16"?>
<Level width="2">
  <Camera x="0" y="-1" minWidth="25" maxWidth="35" />
  <Score highScore="0" />
  <Birds>
    <Bird type="BirdRed"/>
  </Birds>
  <Slingshot x="-12.0" y="-2.5" />
  <GameObjects>
    <Pig type="BasicSmall" material="" x="-0.102" y="-0.9649" rotation="1.1537" />
    <Block type="CircleSmall" material="wood" x="-0.282" y="2.886" rotation="0.0075" />
    <Block type="CircleSmall" material="stone" x="0.768" y="2.886" rotation="0.0339" />
    <Block type="CircleSmall" material="ice" x="-1.322" y="2.886" rotation="0.0339" />
    <Platform type="Platform" material="" x="-0.209" y="-1.3591" rotation="0.0" scaleX="2.791" scaleY="0.4938" />
    <Platform type="Platform" material="" x="-0.187" y="2.5029" rotation="0.0" scaleX="4.6864" scaleY="0.4938" />
    <Platform type="Platform" material="" x="-0.972" y="-0.8241" rotation="90.0" scaleX="2.1128" scaleY="0.4938" />
    <Platform type="Platform" material="" x="0.758" y="-0.8271" rotation="90.0" scaleX="2.1128" scaleY="0.4938" />
    <Block type="TriangleHole" material="ice" x="-1.8012" y="-3.09" rotation="0" />
    <Block type="CircleSmall" material="ice" x="7.0023" y="-3.275" rotation="0" />
    <Block type="CircleSmall" material="stone" x="8.9799" y="-3.275" rotation="0" />
  </GameObjects>
</Level>
