<?xml version="1.0" encoding="utf-16"?>
<Level width="2">
  <Camera x="0" y="-1" minWidth="25" maxWidth="35" />
  <Score highScore="0" />
  <Birds>
    <Bird type="BirdRed"/>
  </Birds>
  <Slingshot x="-12.0" y="-2.5" />
  <GameObjects>
    <Pig type="BasicSmall" material="" x="-0.4114" y="-0.9385" rotation="1.1537" />
    <Block type="CircleSmall" material="wood" x="-0.5915" y="2.9124" rotation="0.0075" />
    <Block type="CircleSmall" material="stone" x="0.4585" y="2.9124" rotation="0.0339" />
    <Block type="CircleSmall" material="ice" x="-1.6315" y="2.9124" rotation="0.0339" />
    <Platform type="Platform" material="" x="-0.5185" y="-1.3326" rotation="0.0" scaleX="2.791" scaleY="0.4938" />
    <Platform type="Platform" material="" x="-0.4965" y="2.5293" rotation="0.0" scaleX="4.6864" scaleY="0.4938" />
    <Platform type="Platform" material="" x="-1.2815" y="-0.7977" rotation="90.0" scaleX="2.1128" scaleY="0.4938" />
    <Platform type="Platform" material="" x="0.4485" y="-0.8006" rotation="90.0" scaleX="2.1128" scaleY="0.4938" />
    <Platform type="Platform" material="" x="4.4837" y="-3.18" rotation="0" scaleX="1.0" scaleY="1.0" />
    <Block type="TriangleHole" material="wood" x="7.4985" y="-3.09" rotation="0" />
    <Block type="RectTiny" material="ice" x="-2.5348" y="-3.39" rotation="0" />
  </GameObjects>
</Level>
