<?xml version="1.0" encoding="utf-16"?>
<Level width="2">
  <Camera x="0" y="-1" minWidth="25" maxWidth="35" />
  <Score highScore="0" />
  <Birds>
    <Bird type="BirdRed"/>
  </Birds>
  <Slingshot x="-12.0" y="-2.5" />
  <GameObjects>
    <Pig type="BasicSmall" material="" x="-2.9393" y="-0.8595" rotation="1.1537" />
    <Block type="CircleSmall" material="wood" x="-3.1193" y="2.9914" rotation="0.0075" />
    <Block type="CircleSmall" material="stone" x="-2.0693" y="2.9915" rotation="0.0339" />
    <Block type="CircleSmall" material="ice" x="-4.1593" y="2.9915" rotation="0.0339" />
    <Platform type="Platform" material="" x="-3.0463" y="-1.2536" rotation="0.0" scaleX="2.791" scaleY="0.4938" />
    <Platform type="Platform" material="" x="-3.0243" y="2.6084" rotation="0.0" scaleX="4.6864" scaleY="0.4938" />
    <Platform type="Platform" material="" x="-3.8093" y="-0.7186" rotation="90.0" scaleX="2.1128" scaleY="0.4938" />
    <Platform type="Platform" material="" x="-2.0793" y="-0.7216" rotation="90.0" scaleX="2.1128" scaleY="0.4938" />
    <Block type="RectTiny" material="ice" x="2.6224" y="-3.39" rotation="0" />
    <Block type="RectBig" material="wood" x="-9.8269" y="-3.39" rotation="0" />
    <Block type="SquareSmall" material="ice" x="-7.4898" y="-3.285" rotation="0" />
  </GameObjects>
</Level>
