<?xml version="1.0" encoding="utf-16"?>
<Level width="2">
  <Camera x="0" y="-1" minWidth="25" maxWidth="35" />
  <Score highScore="0" />
  <Birds>
    <Bird type="BirdRed"/>
  </Birds>
  <Slingshot x="-12.0" y="-2.5" />
  <GameObjects>
    <Pig type="BasicSmall" material="" x="-4.4501" y="-0.7497" rotation="1.1537" />
    <Block type="CircleSmall" material="wood" x="-4.6302" y="3.1012" rotation="0.0075" />
    <Block type="CircleSmall" material="stone" x="-3.5802" y="3.1012" rotation="0.0339" />
    <Block type="CircleSmall" material="ice" x="-5.6702" y="3.1012" rotation="0.0339" />
    <Platform type="Platform" material="" x="-4.5572" y="-1.1439" rotation="0.0" scaleX="2.791" scaleY="0.4938" />
    <Platform type="Platform" material="" x="-4.5352" y="2.7181" rotation="0.0" scaleX="4.6864" scaleY="0.4938" />
    <Platform type="Platform" material="" x="-5.3202" y="-0.6089" rotation="90.0" scaleX="2.1128" scaleY="0.4938" />
    <Platform type="Platform" material="" x="-3.5902" y="-0.6119" rotation="90.0" scaleX="2.1128" scaleY="0.4938" />
    <Block type="SquareTiny" material="stone" x="-8.5372" y="-3.39" rotation="0" />
    <Block type="TriangleHole" material="stone" x="2.594" y="-3.09" rotation="0" />
    <Platform type="Platform" material="" x="5.1999" y="-3.18" rotation="0" scaleX="1.0" scaleY="1.0" />
  </GameObjects>
</Level>
