<?xml version="1.0" encoding="utf-16"?>
<Level width="2">
  <Camera x="0" y="-1" minWidth="25" maxWidth="35" />
  <Score highScore="0" />
  <Birds>
    <Bird type="BirdRed"/>
  </Birds>
  <Slingshot x="-12.0" y="-2.5" />
  <GameObjects>
    <Pig type="BasicSmall" material="" x="-3.6599" y="-2.004" rotation="1.1537" />
    <Block type="CircleSmall" material="wood" x="-3.8399" y="1.8468" rotation="0.0075" />
    <Block type="CircleSmall" material="stone" x="-2.7899" y="1.8469" rotation="0.0339" />
    <Block type="CircleSmall" material="ice" x="-4.8799" y="1.8469" rotation="0.0339" />
    <Platform type="Platform" material="" x="-3.7669" y="-2.3982" rotation="0.0" scaleX="2.791" scaleY="0.4938" />
    <Platform type="Platform" material="" x="-3.7449" y="1.4638" rotation="0.0" scaleX="4.6864" scaleY="0.4938" />
    <Platform type="Platform" material="" x="-4.5299" y="-1.8632" rotation="90.0" scaleX="2.1128" scaleY="0.4938" />
    <Platform type="Platform" material="" x="-2.7999" y="-1.8662" rotation="90.0" scaleX="2.1128" scaleY="0.4938" />
    <Block type="RectFat" material="wood" x="6.929" y="-3.285" rotation="0" />
    <Block type="RectSmall" material="stone" x="3.5722" y="-3.39" rotation="0" />
    <Block type="TriangleHole" material="stone" x="-0.6223" y="-3.09" rotation="0" />
  </GameObjects>
</Level>
