<?xml version="1.0" encoding="utf-16"?>
<Level width="2">
  <Camera x="0" y="-1" minWidth="25" maxWidth="35" />
  <Score highScore="0" />
  <Birds>
    <Bird type="BirdRed"/>
  </Birds>
  <Slingshot x="-12.0" y="-2.5" />
  <GameObjects>
    <Pig type="BasicSmall" material="" x="-1.0276" y="-1.2618" rotation="1.1537" />
    <Block type="CircleSmall" material="wood" x="-1.2076" y="2.589" rotation="0.0075" />
    <Block type="CircleSmall" material="stone" x="-0.1576" y="2.5891" rotation="0.0339" />
    <Block type="CircleSmall" material="ice" x="-2.2476" y="2.5891" rotation="0.0339" />
    <Platform type="Platform" material="" x="-1.1346" y="-1.656" rotation="0.0" scaleX="2.791" scaleY="0.4938" />
    <Platform type="Platform" material="" x="-1.1126" y="2.206" rotation="0.0" scaleX="4.6864" scaleY="0.4938" />
    <Platform type="Platform" material="" x="-1.8976" y="-1.121" rotation="90.0" scaleX="2.1128" scaleY="0.4938" />
    <Platform type="Platform" material="" x="-0.1676" y="-1.124" rotation="90.0" scaleX="2.1128" scaleY="0.4938" />
    <Block type="RectMedium" material="stone" x="-6.1343" y="-3.39" rotation="0" />
    <Block type="SquareHole" material="wood" x="5.0781" y="-3.08" rotation="0" />
    <Block type="CircleSmall" material="ice" x="-8.8399" y="-3.275" rotation="0" />
  </GameObjects>
</Level>
