<?xml version="1.0" encoding="utf-16"?>
<Level width="2">
  <Camera x="0" y="-1" minWidth="25" maxWidth="35" />
  <Score highScore="0" />
  <Birds>
    <Bird type="BirdRed"/>
  </Birds>
  <Slingshot x="-12.0" y="-2.5" />
  <GameObjects>
    <Pig type="BasicSmall" material="" x="-2.6755" y="-1.9627" rotation="1.1537" />
    <Block type="CircleSmall" material="wood" x="-2.8555" y="1.8881" rotation="0.0075" />
    <Block type="CircleSmall" material="stone" x="-1.8055" y="1.8882" rotation="0.0339" />
    <Block type="CircleSmall" material="ice" x="-3.8955" y="1.8882" rotation="0.0339" />
    <Platform type="Platform" material="" x="-2.7825" y="-2.3569" rotation="0.0" scaleX="2.791" scaleY="0.4938" />
    <Platform type="Platform" material="" x="-2.7605" y="1.5051" rotation="0.0" scaleX="4.6864" scaleY="0.4938" />
    <Platform type="Platform" material="" x="-3.5455" y="-1.8219" rotation="90.0" scaleX="2.1128" scaleY="0.4938" />
    <Platform type="Platform" material="" x="-1.8155" y="-1.8249" rotation="90.0" scaleX="2.1128" scaleY="0.4938" />
    <Block type="RectMedium" material="stone" x="-6.8582" y="-3.39" rotation="0" />
    <Block type="SquareHole" material="ice" x="7.5624" y="-3.08" rotation="0" />
    <Block type="SquareTiny" material="wood" x="4.7987" y="-3.39" rotation="0" />
  </GameObjects>
</Level>
