<?xml version="1.0" encoding="utf-16"?>
<Level width="2">
  <Camera x="0" y="-1" minWidth="25" maxWidth="35" />
  <Score highScore="0" />
  <Birds>
    <Bird type="BirdRed"/>
  </Birds>
  <Slingshot x="-12.0" y="-2.5" />
  <GameObjects>
    <Pig type="BasicSmall" material="" x="-1.5011" y="-2.1263" rotation="1.1537" />
    <Block type="CircleSmall" material="wood" x="-1.6811" y="1.7245" rotation="0.0075" />
    <Block type="CircleSmall" material="stone" x="-0.6311" y="1.7246" rotation="0.0339" />
    <Block type="CircleSmall" material="ice" x="-2.7211" y="1.7246" rotation="0.0339" />
    <Platform type="Platform" material="" x="-1.6081" y="-2.5205" rotation="0.0" scaleX="2.791" scaleY="0.4938" />
    <Platform type="Platform" material="" x="-1.5861" y="1.3415" rotation="0.0" scaleX="4.6864" scaleY="0.4938" />
    <Platform type="Platform" material="" x="-2.3711" y="-1.9855" rotation="90.0" scaleX="2.1128" scaleY="0.4938" />
    <Platform type="Platform" material="" x="-0.6411" y="-1.9885" rotation="90.0" scaleX="2.1128" scaleY="0.4938" />
    <Block type="RectTiny" material="ice" x="-4.3176" y="-3.39" rotation="0" />
    <Block type="RectSmall" material="ice" x="8.4876" y="-3.39" rotation="0" />
    <Block type="RectBig" material="wood" x="4.6057" y="-3.39" rotation="0" />
  </GameObjects>
</Level>
