<?xml version="1.0" encoding="utf-16"?>
<Level width="2">
  <Camera x="0" y="-1" minWidth="25" maxWidth="35" />
  <Score highScore="0" />
  <Birds>
    <Bird type="BirdRed"/>
  </Birds>
  <Slingshot x="-12.0" y="-2.5" />
  <GameObjects>
    <Pig type="BasicSmall" material="" x="-1.7099" y="-0.1598" rotation="1.1537" />
    <Block type="CircleSmall" material="wood" x="-1.8899" y="3.6911" rotation="0.0075" />
    <Block type="CircleSmall" material="stone" x="-0.8399" y="3.6911" rotation="0.0339" />
    <Block type="CircleSmall" material="ice" x="-2.9299" y="3.6911" rotation="0.0339" />
    <Platform type="Platform" material="" x="-1.8169" y="-0.554" rotation="0.0" scaleX="2.791" scaleY="0.4938" />
    <Platform type="Platform" material="" x="-1.7949" y="3.308" rotation="0.0" scaleX="4.6864" scaleY="0.4938" />
    <Platform type="Platform" material="" x="-2.5799" y="-0.019" rotation="90.0" scaleX="2.1128" scaleY="0.4938" />
    <Platform type="Platform" material="" x="-0.8499" y="-0.022" rotation="90.0" scaleX="2.1128" scaleY="0.4938" />
    <Platform type="Platform" material="" x="-4.5115" y="-3.18" rotation="0" scaleX="1.0" scaleY="1.0" />
    <Block type="Circle" material="wood" x="0.0478" y="-3.1" rotation="0" />
    <Block type="SquareHole" material="ice" x="5.5427" y="-3.08" rotation="0" />
  </GameObjects>
</Level>
