<?xml version="1.0" encoding="utf-16"?>
<Level width="2">
  <Camera x="0" y="-1" minWidth="25" maxWidth="35" />
  <Score highScore="0" />
  <Birds>
    <Bird type="BirdRed"/>
  </Birds>
  <Slingshot x="-12.0" y="-2.5" />
  <GameObjects>
    <Pig type="BasicSmall" material="" x="0.9885" y="-0.5599" rotation="1.1537" />
    <Block type="CircleSmall" material="wood" x="0.8085" y="3.291" rotation="0.0075" />
    <Block type="CircleSmall" material="stone" x="1.8584" y="3.291" rotation="0.0339" />
    <Block type="CircleSmall" material="ice" x="-0.2316" y="3.291" rotation="0.0339" />
    <Platform type="Platform" material="" x="0.8815" y="-0.954" rotation="0.0" scaleX="2.791" scaleY="0.4938" />
    <Platform type="Platform" material="" x="0.9035" y="2.908" rotation="0.0" scaleX="4.6864" scaleY="0.4938" />
    <Platform type="Platform" material="" x="0.1185" y="-0.419" rotation="90.0" scaleX="2.1128" scaleY="0.4938" />
    <Platform type="Platform" material="" x="1.8485" y="-0.422" rotation="90.0" scaleX="2.1128" scaleY="0.4938" />
    <Block type="Circle" material="stone" x="-2.7483" y="-3.1" rotation="0" />
    <Block type="CircleSmall" material="stone" x="8.2812" y="-3.275" rotation="0" />
    <Block type="TriangleHole" material="ice" x="-6.4324" y="-3.09" rotation="0" />
  </GameObjects>
</Level>
