<?xml version="1.0" encoding="utf-16"?>
<Level width="2">
  <Camera x="0" y="-1" minWidth="25" maxWidth="35" />
  <Score highScore="0" />
  <Birds>
    <Bird type="BirdRed"/>
  </Birds>
  <Slingshot x="-12.0" y="-2.5" />
  <GameObjects>
    <Pig type="BasicSmall" material="" x="-3.0117" y="-2.3949" rotation="1.1537" />
    <Block type="CircleSmall" material="wood" x="-3.1917" y="1.456" rotation="0.0075" />
    <Block type="CircleSmall" material="stone" x="-2.1417" y="1.456" rotation="0.0339" />
    <Block type="CircleSmall" material="ice" x="-4.2317" y="1.456" rotation="0.0339" />
    <Platform type="Platform" material="" x="-3.1187" y="-2.7891" rotation="0.0" scaleX="2.791" scaleY="0.4938" />
    <Platform type="Platform" material="" x="-3.0967" y="1.0729" rotation="0.0" scaleX="4.6864" scaleY="0.4938" />
    <Platform type="Platform" material="" x="-3.8817" y="-2.2541" rotation="90.0" scaleX="2.1128" scaleY="0.4938" />
    <Platform type="Platform" material="" x="-2.1517" y="-2.2571" rotation="90.0" scaleX="2.1128" scaleY="0.4938" />
    <Block type="RectBig" material="wood" x="-7.9718" y="-3.39" rotation="0" />
    <Block type="TriangleHole" material="stone" x="4.7331" y="-3.09" rotation="0" />
    <Block type="RectFat" material="ice" x="-5.137" y="-3.285" rotation="0" />
  </GameObjects>
</Level>
