<?xml version="1.0" encoding="utf-16"?>
<Level width="2">
  <Camera x="0" y="-1" minWidth="25" maxWidth="35" />
  <Score highScore="0" />
  <Birds>
    <Bird type="BirdRed"/>
  </Birds>
  <Slingshot x="-12.0" y="-2.5" />
  <GameObjects>
    <Pig type="BasicSmall" material="" x="-2.3931" y="-0.1087" rotation="1.1537" />
    <Block type="CircleSmall" material="wood" x="-2.5731" y="3.7421" rotation="0.0075" />
    <Block type="CircleSmall" material="stone" x="-1.5231" y="3.7422" rotation="0.0339" />
    <Block type="CircleSmall" material="ice" x="-3.6131" y="3.7422" rotation="0.0339" />
    <Platform type="Platform" material="" x="-2.5001" y="-0.5029" rotation="0.0" scaleX="2.791" scaleY="0.4938" />
    <Platform type="Platform" material="" x="-2.4781" y="3.3591" rotation="0.0" scaleX="4.6864" scaleY="0.4938" />
    <Platform type="Platform" material="" x="-3.2631" y="0.0321" rotation="90.0" scaleX="2.1128" scaleY="0.4938" />
    <Platform type="Platform" material="" x="-1.5331" y="0.0291" rotation="90.0" scaleX="2.1128" scaleY="0.4938" />
    <Block type="SquareSmall" material="ice" x="2.4836" y="-3.285" rotation="0" />
    <Platform type="Platform" material="" x="8.5806" y="-3.18" rotation="0" scaleX="1.0" scaleY="1.0" />
    <Block type="SquareTiny" material="stone" x="0.7382" y="-3.39" rotation="0" />
  </GameObjects>
</Level>
