<?xml version="1.0" encoding="utf-16"?>
<Level width="2">
  <Camera x="0" y="-1" minWidth="25" maxWidth="35" />
  <Score highScore="0" />
  <Birds>
    <Bird type="BirdRed"/>
  </Birds>
  <Slingshot x="-12.0" y="-2.5" />
  <GameObjects>
    <Pig type="BasicSmall" material="" x="-3.3984" y="-0.695" rotation="1.1537" />
    <Block type="CircleSmall" material="wood" x="-3.5784" y="3.1559" rotation="0.0075" />
    <Block type="CircleSmall" material="stone" x="-2.5284" y="3.1559" rotation="0.0339" />
    <Block type="CircleSmall" material="ice" x="-4.6184" y="3.1559" rotation="0.0339" />
    <Platform type="Platform" material="" x="-3.5054" y="-1.0892" rotation="0.0" scaleX="2.791" scaleY="0.4938" />
    <Platform type="Platform" material="" x="-3.4834" y="2.7728" rotation="0.0" scaleX="4.6864" scaleY="0.4938" />
    <Platform type="Platform" material="" x="-4.2684" y="-0.5542" rotation="90.0" scaleX="2.1128" scaleY="0.4938" />
    <Platform type="Platform" material="" x="-2.5384" y="-0.5572" rotation="90.0" scaleX="2.1128" scaleY="0.4938" />
    <Block type="Circle" material="ice" x="-2.0038" y="-3.1" rotation="0" />
    <Block type="RectMedium" material="ice" x="-6.7548" y="-3.39" rotation="0" />
    <Block type="TriangleHole" material="ice" x="-0.3089" y="-3.09" rotation="0" />
  </GameObjects>
</Level>
