<?xml version="1.0" encoding="utf-16"?>
<Level width="2">
  <Camera x="0" y="-1" minWidth="25" maxWidth="35" />
  <Score highScore="0" />
  <Birds>
    <Bird type="BirdRed"/>
  </Birds>
  <Slingshot x="-12.0" y="-2.5" />
  <GameObjects>
    <Pig type="BasicSmall" material="" x="0.9081" y="-2.2704" rotation="1.1537" />
    <Block type="CircleSmall" material="wood" x="0.7281" y="1.5805" rotation="0.0075" />
    <Block type="CircleSmall" material="stone" x="1.7781" y="1.5805" rotation="0.0339" />
    <Block type="CircleSmall" material="ice" x="-0.3119" y="1.5805" rotation="0.0339" />
    <Platform type="Platform" material="" x="0.8011" y="-2.6646" rotation="0.0" scaleX="2.791" scaleY="0.4938" />
    <Platform type="Platform" material="" x="0.8231" y="1.1974" rotation="0.0" scaleX="4.6864" scaleY="0.4938" />
    <Platform type="Platform" material="" x="0.0381" y="-2.1296" rotation="90.0" scaleX="2.1128" scaleY="0.4938" />
    <Platform type="Platform" material="" x="1.7681" y="-2.1326" rotation="90.0" scaleX="2.1128" scaleY="0.4938" />
    <Platform type="Platform" material="" x="-1.6932" y="-3.18" rotation="0" scaleX="1.0" scaleY="1.0" />
    <Block type="SquareTiny" material="wood" x="-3.9199" y="-3.39" rotation="0" />
    <Block type="SquareHole" material="ice" x="6.6393" y="-3.08" rotation="0" />
  </GameObjects>
</Level>
