<?xml version="1.0" encoding="utf-16"?>
<Level width="2">
  <Camera x="0" y="-1" minWidth="25" maxWidth="35" />
  <Score highScore="0" />
  <Birds>
    <Bird type="BirdRed"/>
  </Birds>
  <Slingshot x="-12.0" y="-2.5" />
  <GameObjects>
    <Pig type="BasicSmall" material="" x="-1.8641" y="-0.038" rotation="1.1537" />
    <Block type="CircleSmall" material="wood" x="-2.0442" y="3.8129" rotation="0.0075" />
    <Block type="CircleSmall" material="stone" x="-0.9942" y="3.8129" rotation="0.0339" />
    <Block type="CircleSmall" material="ice" x="-3.0842" y="3.8129" rotation="0.0339" />
    <Platform type="Platform" material="" x="-1.9711" y="-0.4322" rotation="0.0" scaleX="2.791" scaleY="0.4938" />
    <Platform type="Platform" material="" x="-1.9492" y="3.4298" rotation="0.0" scaleX="4.6864" scaleY="0.4938" />
    <Platform type="Platform" material="" x="-2.7341" y="0.1028" rotation="90.0" scaleX="2.1128" scaleY="0.4938" />
    <Platform type="Platform" material="" x="-1.0041" y="0.0998" rotation="90.0" scaleX="2.1128" scaleY="0.4938" />
    <Block type="RectTiny" material="stone" x="-5.351" y="-3.39" rotation="0" />
    <Block type="RectBig" material="stone" x="-3.7273" y="-3.39" rotation="0" />
    <Block type="RectSmall" material="wood" x="1.7275" y="-3.39" rotation="0" />
  </GameObjects>
</Level>
