<?xml version="1.0" encoding="utf-16"?>
<Level width="2">
  <Camera x="0" y="-1" minWidth="25" maxWidth="35" />
  <Score highScore="0" />
  <Birds>
    <Bird type="BirdRed"/>
  </Birds>
  <Slingshot x="-12.0" y="-2.5" />
  <GameObjects>
    <Pig type="BasicSmall" material="" x="-4.369" y="-0.369" rotation="1.1537" />
    <Block type="CircleSmall" material="wood" x="-4.549" y="3.4818" rotation="0.0075" />
    <Block type="CircleSmall" material="stone" x="-3.499" y="3.4819" rotation="0.0339" />
    <Block type="CircleSmall" material="ice" x="-5.589" y="3.4819" rotation="0.0339" />
    <Platform type="Platform" material="" x="-4.476" y="-0.7632" rotation="0.0" scaleX="2.791" scaleY="0.4938" />
    <Platform type="Platform" material="" x="-4.454" y="3.0988" rotation="0.0" scaleX="4.6864" scaleY="0.4938" />
    <Platform type="Platform" material="" x="-5.239" y="-0.2282" rotation="90.0" scaleX="2.1128" scaleY="0.4938" />
    <Platform type="Platform" material="" x="-3.509" y="-0.2312" rotation="90.0" scaleX="2.1128" scaleY="0.4938" />
    <Block type="RectSmall" material="wood" x="1.7289" y="-3.39" rotation="0" />
    <Block type="RectTiny" material="ice" x="4.2907" y="-3.39" rotation="0" />
    <Platform type="Platform" material="" x="-5.731" y="-3.18" rotation="0" scaleX="1.0" scaleY="1.0" />
  </GameObjects>
</Level>
