<?xml version="1.0" encoding="utf-16"?>
<Level width="2">
  <Camera x="0" y="-1" minWidth="25" maxWidth="35" />
  <Score highScore="0" />
  <Birds>
    <Bird type="BirdRed"/>
  </Birds>
  <Slingshot x="-12.0" y="-2.5" />
  <GameObjects>
    <Pig type="BasicSmall" material="" x="-0.0736" y="-2.2802" rotation="1.1537" />
    <Block type="CircleSmall" material="wood" x="-0.2536" y="1.5707" rotation="0.0075" />
    <Block type="CircleSmall" material="stone" x="0.7964" y="1.5707" rotation="0.0339" />
    <Block type="CircleSmall" material="ice" x="-1.2936" y="1.5707" rotation="0.0339" />
    <Platform type="Platform" material="" x="-0.1806" y="-2.6744" rotation="0.0" scaleX="2.791" scaleY="0.4938" />
    <Platform type="Platform" material="" x="-0.1586" y="1.1876" rotation="0.0" scaleX="4.6864" scaleY="0.4938" />
    <Platform type="Platform" material="" x="-0.9436" y="-2.1394" rotation="90.0" scaleX="2.1128" scaleY="0.4938" />
    <Platform type="Platform" material="" x="0.7864" y="-2.1423" rotation="90.0" scaleX="2.1128" scaleY="0.4938" />
    <Block type="SquareTiny" material="stone" x="9.3217" y="-3.39" rotation="0" />
    <Block type="RectTiny" material="ice" x="3.4324" y="-3.39" rotation="0" />
    <Block type="RectFat" material="ice" x="5.8768" y="-3.285" rotation="0" />
  </GameObjects>
</Level>
