<?xml version="1.0" encoding="utf-16"?>
<Level width="2">
  <Camera x="0" y="-1" minWidth="25" maxWidth="35" />
  <Score highScore="0" />
  <Birds>
    <Bird type="BirdRed"/>
  </Birds>
  <Slingshot x="-12.0" y="-2.5" />
  <GameObjects>
    <Pig type="BasicSmall" material="" x="-1.1865" y="-0.1083" rotation="1.1537" />
    <Block type="CircleSmall" material="wood" x="-1.3665" y="3.7426" rotation="0.0075" />
    <Block type="CircleSmall" material="stone" x="-0.3165" y="3.7426" rotation="0.0339" />
    <Block type="CircleSmall" material="ice" x="-2.4065" y="3.7426" rotation="0.0339" />
    <Platform type="Platform" material="" x="-1.2935" y="-0.5024" rotation="0.0" scaleX="2.791" scaleY="0.4938" />
    <Platform type="Platform" material="" x="-1.2715" y="3.3596" rotation="0.0" scaleX="4.6864" scaleY="0.4938" />
    <Platform type="Platform" material="" x="-2.0565" y="0.0326" rotation="90.0" scaleX="2.1128" scaleY="0.4938" />
    <Platform type="Platform" material="" x="-0.3265" y="0.0296" rotation="90.0" scaleX="2.1128" scaleY="0.4938" />
    <Block type="SquareSmall" material="ice" x="5.1932" y="-3.285" rotation="0" />
    <Block type="Triangle" material="wood" x="-3.3072" y="-3.09" rotation="0" />
    <Block type="RectTiny" material="ice" x="3.3707" y="-3.39" rotation="0" />
  </GameObjects>
</Level>
