<?xml version="1.0" encoding="utf-16"?>
<Level width="2">
  <Camera x="0" y="-1" minWidth="25" maxWidth="35" />
  <Score highScore="0" />
  <Birds>
    <Bird type="BirdRed"/>
  </Birds>
  <Slingshot x="-12.0" y="-2.5" />
  <GameObjects>
    <Pig type="BasicSmall" material="" x="-2.317" y="-1.9086" rotation="1.1537" />
    <Block type="CircleSmall" material="wood" x="-2.497" y="1.9423" rotation="0.0075" />
    <Block type="CircleSmall" material="stone" x="-1.447" y="1.9423" rotation="0.0339" />
    <Block type="CircleSmall" material="ice" x="-3.537" y="1.9423" rotation="0.0339" />
    <Platform type="Platform" material="" x="-2.424" y="-2.3028" rotation="0.0" scaleX="2.791" scaleY="0.4938" />
    <Platform type="Platform" material="" x="-2.402" y="1.5592" rotation="0.0" scaleX="4.6864" scaleY="0.4938" />
    <Platform type="Platform" material="" x="-3.187" y="-1.7678" rotation="90.0" scaleX="2.1128" scaleY="0.4938" />
    <Platform type="Platform" material="" x="-1.457" y="-1.7708" rotation="90.0" scaleX="2.1128" scaleY="0.4938" />
    <Block type="RectMedium" material="ice" x="-0.3774" y="-3.39" rotation="0" />
    <Block type="CircleSmall" material="ice" x="2.7873" y="-3.275" rotation="0" />
    <Block type="Circle" material="stone" x="-3.6591" y="-3.1" rotation="0" />
  </GameObjects>
</Level>
