<?xml version="1.0" encoding="utf-16"?>
<Level width="2">
  <Camera x="0" y="-1" minWidth="25" maxWidth="35" />
  <Score highScore="0" />
  <Birds>
    <Bird type="BirdRed"/>
  </Birds>
  <Slingshot x="-12.0" y="-2.5" />
  <GameObjects>
    <Pig type="BasicSmall" material="" x="-1.9135" y="-0.8546" rotation="1.1537" />
    <Block type="CircleSmall" material="wood" x="-2.0935" y="2.9963" rotation="0.0075" />
    <Block type="CircleSmall" material="stone" x="-1.0435" y="2.9963" rotation="0.0339" />
    <Block type="CircleSmall" material="ice" x="-3.1335" y="2.9963" rotation="0.0339" />
    <Platform type="Platform" material="" x="-2.0205" y="-1.2488" rotation="0.0" scaleX="2.791" scaleY="0.4938" />
    <Platform type="Platform" material="" x="-1.9985" y="2.6132" rotation="0.0" scaleX="4.6864" scaleY="0.4938" />
    <Platform type="Platform" material="" x="-2.7835" y="-0.7138" rotation="90.0" scaleX="2.1128" scaleY="0.4938" />
    <Platform type="Platform" material="" x="-1.0535" y="-0.7168" rotation="90.0" scaleX="2.1128" scaleY="0.4938" />
    <Block type="SquareHole" material="ice" x="7.442" y="-3.08" rotation="0" />
    <Platform type="Platform" material="" x="-1.1444" y="-3.18" rotation="0" scaleX="1.0" scaleY="1.0" />
    <Block type="RectBig" material="stone" x="3.6095" y="-3.39" rotation="0" />
  </GameObjects>
</Level>
