<?xml version="1.0" encoding="utf-16"?>
<Level width="2">
  <Camera x="0" y="-1" minWidth="25" maxWidth="35" />
  <Score highScore="0" />
  <Birds>
    <Bird type="BirdRed"/>
  </Birds>
  <Slingshot x="-12.0" y="-2.5" />
  <GameObjects>
    <Pig type="BasicSmall" material="" x="-4.1632" y="-0.9826" rotation="1.1537" />
    <Block type="CircleSmall" material="wood" x="-4.3432" y="2.8682" rotation="0.0075" />
    <Block type="CircleSmall" material="stone" x="-3.2933" y="2.8683" rotation="0.0339" />
    <Block type="CircleSmall" material="ice" x="-5.3833" y="2.8683" rotation="0.0339" />
    <Platform type="Platform" material="" x="-4.2702" y="-1.3768" rotation="0.0" scaleX="2.791" scaleY="0.4938" />
    <Platform type="Platform" material="" x="-4.2482" y="2.4852" rotation="0.0" scaleX="4.6864" scaleY="0.4938" />
    <Platform type="Platform" material="" x="-5.0332" y="-0.8418" rotation="90.0" scaleX="2.1128" scaleY="0.4938" />
    <Platform type="Platform" material="" x="-3.3032" y="-0.8448" rotation="90.0" scaleX="2.1128" scaleY="0.4938" />
    <Block type="Circle" material="ice" x="1.6926" y="-3.1" rotation="0" />
    <Block type="SquareTiny" material="wood" x="5.6575" y="-3.39" rotation="0" />
    <Block type="Triangle" material="ice" x="-9.8287" y="-3.09" rotation="0" />
  </GameObjects>
</Level>
