<?xml version="1.0" encoding="utf-16"?>
<Level width="2">
  <Camera x="0" y="-1" minWidth="25" maxWidth="35" />
  <Score highScore="0" />
  <Birds>
    <Bird type="BirdRed"/>
  </Birds>
  <Slingshot x="-12.0" y="-2.5" />
  <GameObjects>
    <Pig type="BasicSmall" material="" x="-4.1623" y="-0.3287" rotation="1.1537" />
    <Block type="CircleSmall" material="wood" x="-4.3423" y="3.5221" rotation="0.0075" />
    <Block type="CircleSmall" material="stone" x="-3.2923" y="3.5222" rotation="0.0339" />
    <Block type="CircleSmall" material="ice" x="-5.3823" y="3.5222" rotation="0.0339" />
    <Platform type="Platform" material="" x="-4.2693" y="-0.7229" rotation="0.0" scaleX="2.791" scaleY="0.4938" />
    <Platform type="Platform" material="" x="-4.2473" y="3.1391" rotation="0.0" scaleX="4.6864" scaleY="0.4938" />
    <Platform type="Platform" material="" x="-5.0323" y="-0.1879" rotation="90.0" scaleX="2.1128" scaleY="0.4938" />
    <Platform type="Platform" material="" x="-3.3023" y="-0.1909" rotation="90.0" scaleX="2.1128" scaleY="0.4938" />
    <Block type="SquareTiny" material="stone" x="-2.1155" y="-3.39" rotation="0" />
    <Block type="SquareSmall" material="wood" x="2.5205" y="-3.285" rotation="0" />
    <Block type="SquareHole" material="wood" x="-4.5721" y="-3.08" rotation="0" />
  </GameObjects>
</Level>
