<?xml version="1.0" encoding="utf-16"?>
<Level width="2">
  <Camera x="0" y="-1" minWidth="25" maxWidth="35" />
  <Score highScore="0" />
  <Birds>
    <Bird type="BirdRed"/>
  </Birds>
  <Slingshot x="-12.0" y="-2.5" />
  <GameObjects>
    <Pig type="BasicSmall" material="" x="-1.7961" y="-2.0801" rotation="1.1537" />
    <Block type="CircleSmall" material="wood" x="-1.9761" y="1.7707" rotation="0.0075" />
    <Block type="CircleSmall" material="stone" x="-0.9261" y="1.7708" rotation="0.0339" />
    <Block type="CircleSmall" material="ice" x="-3.0161" y="1.7708" rotation="0.0339" />
    <Platform type="Platform" material="" x="-1.9031" y="-2.4743" rotation="0.0" scaleX="2.791" scaleY="0.4938" />
    <Platform type="Platform" material="" x="-1.8811" y="1.3877" rotation="0.0" scaleX="4.6864" scaleY="0.4938" />
    <Platform type="Platform" material="" x="-2.6661" y="-1.9393" rotation="90.0" scaleX="2.1128" scaleY="0.4938" />
    <Platform type="Platform" material="" x="-0.9361" y="-1.9423" rotation="90.0" scaleX="2.1128" scaleY="0.4938" />
    <Platform type="Platform" material="" x="3.1196" y="-3.18" rotation="0" scaleX="1.0" scaleY="1.0" />
    <Block type="SquareHole" material="wood" x="-6.1943" y="-3.08" rotation="0" />
    <Block type="SquareSmall" material="ice" x="8.3306" y="-3.285" rotation="0" />
  </GameObjects>
</Level>
