<?xml version="1.0" encoding="utf-16"?>
<Level width="2">
  <Camera x="0" y="-1" minWidth="25" maxWidth="35" />
  <Score highScore="0" />
  <Birds>
    <Bird type="BirdRed"/>
  </Birds>
  <Slingshot x="-12.0" y="-2.5" />
  <GameObjects>
    <Pig type="BasicSmall" material="" x="-0.2644" y="-1.1452" rotation="1.1537" />
    <Block type="CircleSmall" material="wood" x="-0.4444" y="2.7057" rotation="0.0075" />
    <Block type="CircleSmall" material="stone" x="0.6056" y="2.7057" rotation="0.0339" />
    <Block type="CircleSmall" material="ice" x="-1.4844" y="2.7057" rotation="0.0339" />
    <Platform type="Platform" material="" x="-0.3714" y="-1.5394" rotation="0.0" scaleX="2.791" scaleY="0.4938" />
    <Platform type="Platform" material="" x="-0.3494" y="2.3226" rotation="0.0" scaleX="4.6864" scaleY="0.4938" />
    <Platform type="Platform" material="" x="-1.1344" y="-1.0044" rotation="90.0" scaleX="2.1128" scaleY="0.4938" />
    <Platform type="Platform" material="" x="0.5956" y="-1.0074" rotation="90.0" scaleX="2.1128" scaleY="0.4938" />
    <Block type="RectFat" material="stone" x="3.8628" y="-3.285" rotation="0" />
    <Block type="CircleSmall" material="ice" x="-2.6399" y="-3.275" rotation="0" />
    <Block type="SquareHole" material="stone" x="5.8493" y="-3.08" rotation="0" />
  </GameObjects>
</Level>
