<?xml version="1.0" encoding="utf-16"?>
<Level width="2">
  <Camera x="0" y="-1" minWidth="25" maxWidth="35" />
  <Score highScore="0" />
  <Birds>
    <Bird type="BirdRed"/>
  </Birds>
  <Slingshot x="-12.0" y="-2.5" />
  <GameObjects>
    <Pig type="BasicSmall" material="" x="-2.5816" y="-0.9389" rotation="1.1537" />
    <Block type="CircleSmall" material="wood" x="-2.7616" y="2.912" rotation="0.0075" />
    <Block type="CircleSmall" material="stone" x="-1.7117" y="2.912" rotation="0.0339" />
    <Block type="CircleSmall" material="ice" x="-3.8017" y="2.912" rotation="0.0339" />
    <Platform type="Platform" material="" x="-2.6886" y="-1.3331" rotation="0.0" scaleX="2.791" scaleY="0.4938" />
    <Platform type="Platform" material="" x="-2.6667" y="2.5289" rotation="0.0" scaleX="4.6864" scaleY="0.4938" />
    <Platform type="Platform" material="" x="-3.4516" y="-0.7981" rotation="90.0" scaleX="2.1128" scaleY="0.4938" />
    <Platform type="Platform" material="" x="-1.7216" y="-0.8011" rotation="90.0" scaleX="2.1128" scaleY="0.4938" />
    <Block type="RectMedium" material="ice" x="6.1376" y="-3.39" rotation="0" />
    <Block type="SquareSmall" material="wood" x="-9.7805" y="-3.285" rotation="0" />
    <Block type="Circle" material="wood" x="-6.702" y="-3.1" rotation="0" />
  </GameObjects>
</Level>
