<?xml version="1.0" encoding="utf-16"?>
<Level width="2">
  <Camera x="0" y="-1" minWidth="25" maxWidth="35" />
  <Score highScore="0" />
  <Birds>
    <Bird type="BirdRed"/>
  </Birds>
  <Slingshot x="-12.0" y="-2.5" />
  <GameObjects>
    <Pig type="BasicSmall" material="" x="-2.3063" y="-0.7117" rotation="1.1537" />
    <Block type="CircleSmall" material="wood" x="-2.4863" y="3.1392" rotation="0.0075" />
    <Block type="CircleSmall" material="stone" x="-1.4363" y="3.1392" rotation="0.0339" />
    <Block type="CircleSmall" material="ice" x="-3.5263" y="3.1392" rotation="0.0339" />
    <Platform type="Platform" material="" x="-2.4133" y="-1.1059" rotation="0.0" scaleX="2.791" scaleY="0.4938" />
    <Platform type="Platform" material="" x="-2.3913" y="2.7561" rotation="0.0" scaleX="4.6864" scaleY="0.4938" />
    <Platform type="Platform" material="" x="-3.1763" y="-0.5709" rotation="90.0" scaleX="2.1128" scaleY="0.4938" />
    <Platform type="Platform" material="" x="-1.4463" y="-0.5739" rotation="90.0" scaleX="2.1128" scaleY="0.4938" />
    <Platform type="Platform" material="" x="7.6495" y="-3.18" rotation="0" scaleX="1.0" scaleY="1.0" />
    <Block type="RectTiny" material="ice" x="-9.2394" y="-3.39" rotation="0" />
    <Block type="SquareHole" material="wood" x="1.9824" y="-3.08" rotation="0" />
  </GameObjects>
</Level>
