<?xml version="1.0" encoding="utf-16"?>
<Level width="2">
  <Camera x="0" y="-1" minWidth="25" maxWidth="35" />
  <Score highScore="0" />
  <Birds>
    <Bird type="BirdRed"/>
  </Birds>
  <Slingshot x="-12.0" y="-2.5" />
  <GameObjects>
    <Pig type="BasicSmall" material="" x="-4.9286" y="-1.6172" rotation="1.1537" />
    <Block type="CircleSmall" material="wood" x="-5.1087" y="2.2337" rotation="0.0075" />
    <Block type="CircleSmall" material="stone" x="-4.0587" y="2.2337" rotation="0.0339" />
    <Block type="CircleSmall" material="ice" x="-6.1487" y="2.2337" rotation="0.0339" />
    <Platform type="Platform" material="" x="-5.0357" y="-2.0113" rotation="0.0" scaleX="2.791" scaleY="0.4938" />
    <Platform type="Platform" material="" x="-5.0137" y="1.8506" rotation="0.0" scaleX="4.6864" scaleY="0.4938" />
    <Platform type="Platform" material="" x="-5.7987" y="-1.4764" rotation="90.0" scaleX="2.1128" scaleY="0.4938" />
    <Platform type="Platform" material="" x="-4.0687" y="-1.4793" rotation="90.0" scaleX="2.1128" scaleY="0.4938" />
    <Platform type="Platform" material="" x="-3.1859" y="-3.18" rotation="0" scaleX="1.0" scaleY="1.0" />
    <Block type="CircleSmall" material="stone" x="2.9279" y="-3.275" rotation="0" />
    <Block type="RectBig" material="stone" x="0.5308" y="-3.39" rotation="0" />
  </GameObjects>
</Level>
