<?xml version="1.0" encoding="utf-16"?>
<Level width="2">
  <Camera x="0" y="-1" minWidth="25" maxWidth="35" />
  <Score highScore="0" />
  <Birds>
    <Bird type="BirdRed"/>
  </Birds>
  <Slingshot x="-12.0" y="-2.5" />
  <GameObjects>
    <Pig type="BasicSmall" material="" x="-0.2422" y="-0.863" rotation="1.1537" />
    <Block type="CircleSmall" material="wood" x="-0.4223" y="2.9879" rotation="0.0075" />
    <Block type="CircleSmall" material="stone" x="0.6277" y="2.9879" rotation="0.0339" />
    <Block type="CircleSmall" material="ice" x="-1.4623" y="2.9879" rotation="0.0339" />
    <Platform type="Platform" material="" x="-0.3493" y="-1.2571" rotation="0.0" scaleX="2.791" scaleY="0.4938" />
    <Platform type="Platform" material="" x="-0.3273" y="2.6048" rotation="0.0" scaleX="4.6864" scaleY="0.4938" />
    <Platform type="Platform" material="" x="-1.1122" y="-0.7222" rotation="90.0" scaleX="2.1128" scaleY="0.4938" />
    <Platform type="Platform" material="" x="0.6178" y="-0.7251" rotation="90.0" scaleX="2.1128" scaleY="0.4938" />
    <Block type="CircleSmall" material="wood" x="3.2042" y="-3.275" rotation="0" />
    <Block type="Triangle" material="wood" x="4.9156" y="-3.09" rotation="0" />
    <Block type="RectMedium" material="stone" x="0.7498" y="-3.39" rotation="0" />
  </GameObjects>
</Level>
