<?xml version="1.0" encoding="utf-16"?>
<Level width="2">
  <Camera x="0" y="-1" minWidth="25" maxWidth="35" />
  <Score highScore="0" />
  <Birds>
    <Bird type="BirdRed"/>
  </Birds>
  <Slingshot x="-12.0" y="-2.5" />
  <GameObjects>
    <Pig type="BasicSmall" material="" x="-0.9002" y="-1.9417" rotation="1.1537" />
    <Block type="CircleSmall" material="wood" x="-1.0802" y="1.9092" rotation="0.0075" />
    <Block type="CircleSmall" material="stone" x="-0.0302" y="1.9092" rotation="0.0339" />
    <Block type="CircleSmall" material="ice" x="-2.1202" y="1.9092" rotation="0.0339" />
    <Platform type="Platform" material="" x="-1.0072" y="-2.3359" rotation="0.0" scaleX="2.791" scaleY="0.4938" />
    <Platform type="Platform" material="" x="-0.9852" y="1.5261" rotation="0.0" scaleX="4.6864" scaleY="0.4938" />
    <Platform type="Platform" material="" x="-1.7702" y="-1.8009" rotation="90.0" scaleX="2.1128" scaleY="0.4938" />
    <Platform type="Platform" material="" x="-0.0402" y="-1.8039" rotation="90.0" scaleX="2.1128" scaleY="0.4938" />
    <Block type="SquareHole" material="wood" x="-5.6089" y="-3.08" rotation="0" />
    <Block type="RectSmall" material="ice" x="-4.136" y="-3.39" rotation="0" />
    <Block type="TriangleHole" material="stone" x="6.9344" y="-3.09" rotation="0" />
  </GameObjects>
</Level>
