<?xml version="1.0" encoding="utf-16"?>
<Level width="2">
  <Camera x="0" y="-1" minWidth="25" maxWidth="35" />
  <Score highScore="0" />
  <Birds>
    <Bird type="BirdRed"/>
  </Birds>
  <Slingshot x="-12.0" y="-2.5" />
  <GameObjects>
    <Pig type="BasicSmall" material="" x="0.5683" y="-1.7479" rotation="1.1537" />
    <Block type="CircleSmall" material="wood" x="0.3883" y="2.103" rotation="0.0075" />
    <Block type="CircleSmall" material="stone" x="1.4383" y="2.103" rotation="0.0339" />
    <Block type="CircleSmall" material="ice" x="-0.6517" y="2.103" rotation="0.0339" />
    <Platform type="Platform" material="" x="0.4613" y="-2.1421" rotation="0.0" scaleX="2.791" scaleY="0.4938" />
    <Platform type="Platform" material="" x="0.4833" y="1.7199" rotation="0.0" scaleX="4.6864" scaleY="0.4938" />
    <Platform type="Platform" material="" x="-0.3017" y="-1.6071" rotation="90.0" scaleX="2.1128" scaleY="0.4938" />
    <Platform type="Platform" material="" x="1.4283" y="-1.6101" rotation="90.0" scaleX="2.1128" scaleY="0.4938" />
    <Block type="RectFat" material="ice" x="7.6983" y="-3.285" rotation="0" />
    <Block type="TriangleHole" material="wood" x="-3.2348" y="-3.09" rotation="0" />
    <Block type="Triangle" material="ice" x="-9.2263" y="-3.09" rotation="0" />
  </GameObjects>
</Level>
