<?xml version="1.0" encoding="utf-16"?>
<Level width="2">
  <Camera x="0" y="-1" minWidth="25" maxWidth="35" />
  <Score highScore="0" />
  <Birds>
    <Bird type="BirdRed"/>
  </Birds>
  <Slingshot x="-12.0" y="-2.5" />
  <GameObjects>
    <Pig type="BasicSmall" material="" x="-4.732" y="-0.6852" rotation="1.1537" />
    <Block type="CircleSmall" material="wood" x="-4.912" y="3.1657" rotation="0.0075" />
    <Block type="CircleSmall" material="stone" x="-3.8621" y="3.1658" rotation="0.0339" />
    <Block type="CircleSmall" material="ice" x="-5.9521" y="3.1658" rotation="0.0339" />
    <Platform type="Platform" material="" x="-4.8391" y="-1.0793" rotation="0.0" scaleX="2.791" scaleY="0.4938" />
    <Platform type="Platform" material="" x="-4.8171" y="2.7827" rotation="0.0" scaleX="4.6864" scaleY="0.4938" />
    <Platform type="Platform" material="" x="-5.6021" y="-0.5443" rotation="90.0" scaleX="2.1128" scaleY="0.4938" />
    <Platform type="Platform" material="" x="-3.872" y="-0.5473" rotation="90.0" scaleX="2.1128" scaleY="0.4938" />
    <Block type="SquareTiny" material="wood" x="-3.442" y="-3.39" rotation="0" />
    <Block type="SquareHole" material="wood" x="-4.8228" y="-3.08" rotation="0" />
    <Block type="CircleSmall" material="ice" x="-9.2837" y="-3.275" rotation="0" />
  </GameObjects>
</Level>
