<?xml version="1.0" encoding="utf-16"?>
<Level width="2">
  <Camera x="0" y="-1" minWidth="25" maxWidth="35" />
  <Score highScore="0" />
  <Birds>
    <Bird type="BirdRed"/>
  </Birds>
  <Slingshot x="-12.0" y="-2.5" />
  <GameObjects>
    <Pig type="BasicSmall" material="" x="-3.2258" y="-1.6318" rotation="1.1537" />
    <Block type="CircleSmall" material="wood" x="-3.4058" y="2.2191" rotation="0.0075" />
    <Block type="CircleSmall" material="stone" x="-2.3558" y="2.2191" rotation="0.0339" />
    <Block type="CircleSmall" material="ice" x="-4.4458" y="2.2191" rotation="0.0339" />
    <Platform type="Platform" material="" x="-3.3328" y="-2.026" rotation="0.0" scaleX="2.791" scaleY="0.4938" />
    <Platform type="Platform" material="" x="-3.3108" y="1.836" rotation="0.0" scaleX="4.6864" scaleY="0.4938" />
    <Platform type="Platform" material="" x="-4.0958" y="-1.491" rotation="90.0" scaleX="2.1128" scaleY="0.4938" />
    <Platform type="Platform" material="" x="-2.3658" y="-1.494" rotation="90.0" scaleX="2.1128" scaleY="0.4938" />
    <Block type="SquareTiny" material="wood" x="-0.2034" y="-3.39" rotation="0" />
    <Block type="TriangleHole" material="ice" x="2.81" y="-3.09" rotation="0" />
    <Block type="RectSmall" material="wood" x="5.7891" y="-3.39" rotation="0" />
  </GameObjects>
</Level>
