<?xml version="1.0" encoding="utf-16"?>
<Level width="2">
  <Camera x="0" y="-1" minWidth="25" maxWidth="35" />
  <Score highScore="0" />
  <Birds>
    <Bird type="BirdRed"/>
  </Birds>
  <Slingshot x="-12.0" y="-2.5" />
  <GameObjects>
    <Pig type="BasicSmall" material="" x="-3.8817" y="-0.6295" rotation="1.1537" />
    <Block type="CircleSmall" material="wood" x="-4.0617" y="3.2213" rotation="0.0075" />
    <Block type="CircleSmall" material="stone" x="-3.0117" y="3.2214" rotation="0.0339" />
    <Block type="CircleSmall" material="ice" x="-5.1017" y="3.2214" rotation="0.0339" />
    <Platform type="Platform" material="" x="-3.9887" y="-1.0237" rotation="0.0" scaleX="2.791" scaleY="0.4938" />
    <Platform type="Platform" material="" x="-3.9667" y="2.8383" rotation="0.0" scaleX="4.6864" scaleY="0.4938" />
    <Platform type="Platform" material="" x="-4.7517" y="-0.4887" rotation="90.0" scaleX="2.1128" scaleY="0.4938" />
    <Platform type="Platform" material="" x="-3.0217" y="-0.4917" rotation="90.0" scaleX="2.1128" scaleY="0.4938" />
    <Block type="RectMedium" material="wood" x="-4.978" y="-3.39" rotation="0" />
    <Platform type="Platform" material="" x="1.5017" y="-3.18" rotation="0" scaleX="1.0" scaleY="1.0" />
    <Block type="SquareSmall" material="ice" x="-9.9503" y="-3.285" rotation="0" />
  </GameObjects>
</Level>
