<?xml version="1.0" encoding="utf-16"?>
<Level width="2">
  <Camera x="0" y="-1" minWidth="25" maxWidth="35" />
  <Score highScore="0" />
  <Birds>
    <Bird type="BirdRed"/>
  </Birds>
  <Slingshot x="-12.0" y="-2.5" />
  <GameObjects>
    <Pig type="BasicSmall" material="" x="-3.9625" y="-1.4972" rotation="1.1537" />
    <Block type="CircleSmall" material="wood" x="-4.1425" y="2.3537" rotation="0.0075" />
    <Block type="CircleSmall" material="stone" x="-3.0925" y="2.3537" rotation="0.0339" />
    <Block type="CircleSmall" material="ice" x="-5.1825" y="2.3537" rotation="0.0339" />
    <Platform type="Platform" material="" x="-4.0695" y="-1.8913" rotation="0.0" scaleX="2.791" scaleY="0.4938" />
    <Platform type="Platform" material="" x="-4.0475" y="1.9707" rotation="0.0" scaleX="4.6864" scaleY="0.4938" />
    <Platform type="Platform" material="" x="-4.8325" y="-1.3564" rotation="90.0" scaleX="2.1128" scaleY="0.4938" />
    <Platform type="Platform" material="" x="-3.1025" y="-1.3593" rotation="90.0" scaleX="2.1128" scaleY="0.4938" />
    <Block type="Triangle" material="wood" x="7.6449" y="-3.09" rotation="0" />
    <Block type="RectFat" material="wood" x="4.096" y="-3.285" rotation="0" />
    <Block type="SquareTiny" material="wood" x="5.6736" y="-3.39" rotation="0" />
  </GameObjects>
</Level>
