<?xml version="1.0" encoding="utf-16"?>
<Level width="2">
  <Camera x="0" y="-1" minWidth="25" maxWidth="35" />
  <Score highScore="0" />
  <Birds>
    <Bird type="BirdRed"/>
  </Birds>
  <Slingshot x="-12.0" y="-2.5" />
  <GameObjects>
    <Pig type="BasicSmall" material="" x="0.265" y="-1.8737" rotation="1.1537" />
    <Block type="CircleSmall" material="wood" x="0.085" y="1.9772" rotation="0.0075" />
    <Block type="CircleSmall" material="stone" x="1.135" y="1.9773" rotation="0.0339" />
    <Block type="CircleSmall" material="ice" x="-0.955" y="1.9773" rotation="0.0339" />
    <Platform type="Platform" material="" x="0.158" y="-2.2678" rotation="0.0" scaleX="2.791" scaleY="0.4938" />
    <Platform type="Platform" material="" x="0.18" y="1.5942" rotation="0.0" scaleX="4.6864" scaleY="0.4938" />
    <Platform type="Platform" material="" x="-0.605" y="-1.7328" rotation="90.0" scaleX="2.1128" scaleY="0.4938" />
    <Platform type="Platform" material="" x="1.125" y="-1.7358" rotation="90.0" scaleX="2.1128" scaleY="0.4938" />
    <Block type="SquareSmall" material="stone" x="0.0525" y="-3.285" rotation="0" />
    <Block type="SquareSmall" material="ice" x="-2.6255" y="-3.285" rotation="0" />
    <Block type="CircleSmall" material="ice" x="3.1069" y="-3.275" rotation="0" />
  </GameObjects>
</Level>
