<?xml version="1.0" encoding="utf-16"?>
<Level width="2">
  <Camera x="0" y="-1" minWidth="25" maxWidth="35" />
  <Score highScore="0" />
  <Birds>
    <Bird type="BirdRed"/>
  </Birds>
  <Slingshot x="-12.0" y="-2.5" />
  <GameObjects>
    <Pig type="BasicSmall" material="" x="-4.6596" y="-1.8214" rotation="1.1537" />
    <Block type="CircleSmall" material="wood" x="-4.8396" y="2.0295" rotation="0.0075" />
    <Block type="CircleSmall" material="stone" x="-3.7897" y="2.0296" rotation="0.0339" />
    <Block type="CircleSmall" material="ice" x="-5.8796" y="2.0296" rotation="0.0339" />
    <Platform type="Platform" material="" x="-4.7666" y="-2.2155" rotation="0.0" scaleX="2.791" scaleY="0.4938" />
    <Platform type="Platform" material="" x="-4.7446" y="1.6465" rotation="0.0" scaleX="4.6864" scaleY="0.4938" />
    <Platform type="Platform" material="" x="-5.5296" y="-1.6805" rotation="90.0" scaleX="2.1128" scaleY="0.4938" />
    <Platform type="Platform" material="" x="-3.7996" y="-1.6835" rotation="90.0" scaleX="2.1128" scaleY="0.4938" />
    <Block type="TriangleHole" material="ice" x="-7.6062" y="-3.09" rotation="0" />
    <Block type="RectMedium" material="wood" x="-4.6366" y="-3.39" rotation="0" />
    <Block type="SquareTiny" material="ice" x="0.4348" y="-3.39" rotation="0" />
  </GameObjects>
</Level>
