<?xml version="1.0" encoding="utf-16"?>
<Level width="2">
  <Camera x="0" y="-1" minWidth="25" maxWidth="35" />
  <Score highScore="0" />
  <Birds>
    <Bird type="BirdRed"/>
  </Birds>
  <Slingshot x="-12.0" y="-2.5" />
  <GameObjects>
    <Pig type="BasicSmall" material="" x="-4.3104" y="-0.9971" rotation="1.1537" />
    <Block type="CircleSmall" material="wood" x="-4.4904" y="2.8538" rotation="0.0075" />
    <Block type="CircleSmall" material="stone" x="-3.4404" y="2.8538" rotation="0.0339" />
    <Block type="CircleSmall" material="ice" x="-5.5304" y="2.8538" rotation="0.0339" />
    <Platform type="Platform" material="" x="-4.4174" y="-1.3912" rotation="0.0" scaleX="2.791" scaleY="0.4938" />
    <Platform type="Platform" material="" x="-4.3954" y="2.4707" rotation="0.0" scaleX="4.6864" scaleY="0.4938" />
    <Platform type="Platform" material="" x="-5.1804" y="-0.8563" rotation="90.0" scaleX="2.1128" scaleY="0.4938" />
    <Platform type="Platform" material="" x="-3.4504" y="-0.8592" rotation="90.0" scaleX="2.1128" scaleY="0.4938" />
    <Block type="Circle" material="wood" x="3.9413" y="-3.1" rotation="0" />
    <Block type="TriangleHole" material="stone" x="-6.4568" y="-3.09" rotation="0" />
    <Block type="CircleSmall" material="ice" x="2.074" y="-3.275" rotation="0" />
  </GameObjects>
</Level>
