<?xml version="1.0" encoding="utf-16"?>
<Level width="2">
  <Camera x="0" y="-1" minWidth="25" maxWidth="35" />
  <Score highScore="0" />
  <Birds>
    <Bird type="BirdRed"/>
  </Birds>
  <Slingshot x="-12.0" y="-2.5" />
  <GameObjects>
    <Pig type="BasicSmall" material="" x="2.0998" y="2.4773" rotation="1.0769" />
    <Platform type="Platform" material="" x="2.0921" y="1.996" rotation="0.0" scaleX="2.089" scaleY="0.763" />
    <Platform type="Platform" material="" x="0.4541" y="2.62" rotation="90.0" scaleX="2.3272" scaleY="0.763" />
    <Block type="Circle" material="ice" x="-4.2034" y="-3.1" rotation="0" />
    <Block type="RectFat" material="stone" x="4.4924" y="-3.285" rotation="0" />
    <Block type="SquareSmall" material="ice" x="-0.6808" y="-3.285" rotation="0" />
  </GameObjects>
</Level>
