<?xml version="1.0" encoding="utf-16"?>
<Level width="2">
  <Camera x="0" y="-1" minWidth="25" maxWidth="35" />
  <Score highScore="0" />
  <Birds>
    <Bird type="BirdRed"/>
  </Birds>
  <Slingshot x="-12.0" y="-2.5" />
  <GameObjects>
    <Pig type="BasicSmall" material="" x="-3.7612" y="-0.198" rotation="1.0769" />
    <Platform type="Platform" material="" x="-3.7689" y="-0.6793" rotation="0.0" scaleX="2.089" scaleY="0.763" />
    <Platform type="Platform" material="" x="-5.4069" y="-0.0553" rotation="90.0" scaleX="2.3272" scaleY="0.763" />
    <Block type="RectFat" material="ice" x="2.8323" y="-3.285" rotation="0" />
    <Block type="SquareSmall" material="stone" x="-4.5701" y="-3.285" rotation="0" />
    <Block type="RectMedium" material="stone" x="-7.1726" y="-3.39" rotation="0" />
  </GameObjects>
</Level>
