<?xml version="1.0" encoding="utf-16"?>
<Level width="2">
  <Camera x="0" y="-1" minWidth="25" maxWidth="35" />
  <Score highScore="0" />
  <Birds>
    <Bird type="BirdRed"/>
  </Birds>
  <Slingshot x="-12.0" y="-2.5" />
  <GameObjects>
    <Pig type="BasicSmall" material="" x="-3.7329" y="-1.6612" rotation="1.0769" />
    <Platform type="Platform" material="" x="-3.7406" y="-2.1425" rotation="0.0" scaleX="2.089" scaleY="0.763" />
    <Platform type="Platform" material="" x="-5.3786" y="-1.5185" rotation="90.0" scaleX="2.3272" scaleY="0.763" />
    <Platform type="Platform" material="" x="8.0414" y="-3.18" rotation="0" scaleX="1.0" scaleY="1.0" />
    <Block type="TriangleHole" material="wood" x="-4.1953" y="-3.09" rotation="0" />
    <Block type="SquareTiny" material="wood" x="6.6042" y="-3.39" rotation="0" />
  </GameObjects>
</Level>
