<?xml version="1.0" encoding="utf-16"?>
<Level width="2">
  <Camera x="0" y="-1" minWidth="25" maxWidth="35" />
  <Score highScore="0" />
  <Birds>
    <Bird type="BirdRed"/>
  </Birds>
  <Slingshot x="-12.0" y="-2.5" />
  <GameObjects>
    <Pig type="BasicSmall" material="" x="-3.8002" y="-2.6776" rotation="1.0769" />
    <Platform type="Platform" material="" x="-3.8079" y="-3.1589" rotation="0.0" scaleX="2.089" scaleY="0.763" />
    <Platform type="Platform" material="" x="-5.4459" y="-2.5349" rotation="90.0" scaleX="2.3272" scaleY="0.763" />
    <Block type="TriangleHole" material="ice" x="6.912" y="-3.09" rotation="0" />
    <Block type="RectSmall" material="ice" x="2.965" y="-3.39" rotation="0" />
    <Block type="RectBig" material="wood" x="-7.2742" y="-3.39" rotation="0" />
  </GameObjects>
</Level>
