<?xml version="1.0" encoding="utf-16"?>
<Level width="2">
  <Camera x="0" y="-1" minWidth="25" maxWidth="35" />
  <Score highScore="0" />
  <Birds>
    <Bird type="BirdRed"/>
  </Birds>
  <Slingshot x="-12.0" y="-2.5" />
  <GameObjects>
    <Pig type="BasicSmall" material="" x="1.8084" y="1.9693" rotation="1.0769" />
    <Platform type="Platform" material="" x="1.8006" y="1.488" rotation="0.0" scaleX="2.089" scaleY="0.763" />
    <Platform type="Platform" material="" x="0.1626" y="2.112" rotation="90.0" scaleX="2.3272" scaleY="0.763" />
    <Block type="TriangleHole" material="ice" x="-8.3003" y="-3.09" rotation="0" />
    <Block type="RectSmall" material="stone" x="3.3449" y="-3.39" rotation="0" />
    <Block type="RectBig" material="ice" x="-0.8272" y="-3.39" rotation="0" />
  </GameObjects>
</Level>
