<?xml version="1.0" encoding="utf-16"?>
<Level width="2">
  <Camera x="0" y="-1" minWidth="25" maxWidth="35" />
  <Score highScore="0" />
  <Birds>
    <Bird type="BirdRed"/>
  </Birds>
  <Slingshot x="-12.0" y="-2.5" />
  <GameObjects>
    <Pig type="BasicSmall" material="" x="2.2006" y="-1.6724" rotation="1.0769" />
    <Platform type="Platform" material="" x="2.1928" y="-2.1536" rotation="0.0" scaleX="2.089" scaleY="0.763" />
    <Platform type="Platform" material="" x="0.5548" y="-1.5296" rotation="90.0" scaleX="2.3272" scaleY="0.763" />
    <Block type="RectSmall" material="ice" x="3.9747" y="-3.39" rotation="0" />
    <Block type="SquareTiny" material="stone" x="-6.0206" y="-3.39" rotation="0" />
    <Block type="RectTiny" material="stone" x="-7.7862" y="-3.39" rotation="0" />
  </GameObjects>
</Level>
