<?xml version="1.0" encoding="utf-16"?>
<Level width="2">
  <Camera x="0" y="-1" minWidth="25" maxWidth="35" />
  <Score highScore="0" />
  <Birds>
    <Bird type="BirdRed"/>
  </Birds>
  <Slingshot x="-12.0" y="-2.5" />
  <GameObjects>
    <Pig type="BasicSmall" material="" x="3.3359" y="-2.4905" rotation="1.0769" />
    <Platform type="Platform" material="" x="3.3282" y="-2.9717" rotation="0.0" scaleX="2.089" scaleY="0.763" />
    <Platform type="Platform" material="" x="1.6902" y="-2.3477" rotation="90.0" scaleX="2.3272" scaleY="0.763" />
    <Block type="Triangle" material="stone" x="-9.1872" y="-3.09" rotation="0" />
    <Block type="RectSmall" material="stone" x="9.2029" y="-3.39" rotation="0" />
    <Block type="SquareHole" material="stone" x="-6.264" y="-3.08" rotation="0" />
  </GameObjects>
</Level>
