<?xml version="1.0" encoding="utf-16"?>
<Level width="2">
  <Camera x="0" y="-1" minWidth="25" maxWidth="35" />
  <Score highScore="0" />
  <Birds>
    <Bird type="BirdRed"/>
  </Birds>
  <Slingshot x="-12.0" y="-2.5" />
  <GameObjects>
    <Pig type="BasicSmall" material="" x="-0.8951" y="-2.3854" rotation="1.0769" />
    <Platform type="Platform" material="" x="-0.9029" y="-2.8667" rotation="0.0" scaleX="2.089" scaleY="0.763" />
    <Platform type="Platform" material="" x="-2.5409" y="-2.2427" rotation="90.0" scaleX="2.3272" scaleY="0.763" />
    <Block type="RectBig" material="stone" x="-6.2953" y="-3.39" rotation="0" />
    <Block type="RectFat" material="wood" x="-9.0879" y="-3.285" rotation="0" />
    <Block type="SquareHole" material="ice" x="2.1057" y="-3.08" rotation="0" />
  </GameObjects>
</Level>
