<?xml version="1.0" encoding="utf-16"?>
<Level width="2">
  <Camera x="0" y="-1" minWidth="25" maxWidth="35" />
  <Score highScore="0" />
  <Birds>
    <Bird type="BirdRed"/>
  </Birds>
  <Slingshot x="-12.0" y="-2.5" />
  <GameObjects>
    <Pig type="BasicSmall" material="" x="5.2124" y="-1.6364" rotation="1.0769" />
    <Platform type="Platform" material="" x="5.2047" y="-2.1177" rotation="0.0" scaleX="2.089" scaleY="0.763" />
    <Platform type="Platform" material="" x="3.5667" y="-1.4937" rotation="90.0" scaleX="2.3272" scaleY="0.763" />
    <Block type="TriangleHole" material="stone" x="0.7551" y="-3.09" rotation="0" />
    <Block type="RectBig" material="ice" x="-3.8126" y="-3.39" rotation="0" />
    <Block type="CircleSmall" material="stone" x="-6.4493" y="-3.275" rotation="0" />
  </GameObjects>
</Level>
