<?xml version="1.0" encoding="utf-16"?>
<Level width="2">
  <Camera x="0" y="-1" minWidth="25" maxWidth="35" />
  <Score highScore="0" />
  <Birds>
    <Bird type="BirdRed"/>
  </Birds>
  <Slingshot x="-12.0" y="-2.5" />
  <GameObjects>
    <Pig type="BasicSmall" material="" x="0.5964" y="-2.3057" rotation="1.0769" />
    <Platform type="Platform" material="" x="0.5887" y="-2.7869" rotation="0.0" scaleX="2.089" scaleY="0.763" />
    <Platform type="Platform" material="" x="-1.0493" y="-2.1629" rotation="90.0" scaleX="2.3272" scaleY="0.763" />
    <Block type="RectFat" material="stone" x="-9.7705" y="-3.285" rotation="0" />
    <Block type="SquareTiny" material="stone" x="-4.3056" y="-3.39" rotation="0" />
    <Block type="CircleSmall" material="stone" x="-2.7352" y="-3.275" rotation="0" />
  </GameObjects>
</Level>
