<?xml version="1.0" encoding="utf-16"?>
<Level width="2">
  <Camera x="0" y="-1" minWidth="25" maxWidth="35" />
  <Score highScore="0" />
  <Birds>
    <Bird type="BirdRed"/>
  </Birds>
  <Slingshot x="-12.0" y="-2.5" />
  <GameObjects>
    <Pig type="BasicSmall" material="" x="-5.5408" y="-0.1072" rotation="1.0769" />
    <Platform type="Platform" material="" x="-5.5485" y="-0.5885" rotation="0.0" scaleX="2.089" scaleY="0.763" />
    <Platform type="Platform" material="" x="-7.1865" y="0.0355" rotation="90.0" scaleX="2.3272" scaleY="0.763" />
    <Block type="RectSmall" material="ice" x="3.0149" y="-3.39" rotation="0" />
    <Block type="TriangleHole" material="ice" x="8.7105" y="-3.09" rotation="0" />
    <Block type="RectSmall" material="stone" x="0.1816" y="-3.39" rotation="0" />
  </GameObjects>
</Level>
