<?xml version="1.0" encoding="utf-16"?>
<Level width="2">
  <Camera x="0" y="-1" minWidth="25" maxWidth="35" />
  <Score highScore="0" />
  <Birds>
    <Bird type="BirdRed"/>
  </Birds>
  <Slingshot x="-12.0" y="-2.5" />
  <GameObjects>
    <Pig type="BasicSmall" material="" x="3.3404" y="-1.0578" rotation="1.0769" />
    <Platform type="Platform" material="" x="3.3327" y="-1.5391" rotation="0.0" scaleX="2.089" scaleY="0.763" />
    <Platform type="Platform" material="" x="1.6947" y="-0.9151" rotation="90.0" scaleX="2.3272" scaleY="0.763" />
    <Block type="SquareSmall" material="wood" x="-3.7134" y="-3.285" rotation="0" />
    <Block type="TriangleHole" material="ice" x="6.5371" y="-3.09" rotation="0" />
    <Block type="RectTiny" material="wood" x="4.582" y="-3.39" rotation="0" />
  </GameObjects>
</Level>
