<?xml version="1.0" encoding="utf-16"?>
<Level width="2">
  <Camera x="0" y="-1" minWidth="25" maxWidth="35" />
  <Score highScore="0" />
  <Birds>
    <Bird type="BirdRed"/>
  </Birds>
  <Slingshot x="-12.0" y="-2.5" />
  <GameObjects>
    <Pig type="BasicSmall" material="" x="-3.4098" y="-1.6188" rotation="1.0769" />
    <Platform type="Platform" material="" x="-3.4175" y="-2.1001" rotation="0.0" scaleX="2.089" scaleY="0.763" />
    <Platform type="Platform" material="" x="-5.0555" y="-1.4761" rotation="90.0" scaleX="2.3272" scaleY="0.763" />
    <Block type="SquareSmall" material="wood" x="7.156" y="-3.285" rotation="0" />
    <Block type="RectSmall" material="stone" x="-6.205" y="-3.39" rotation="0" />
    <Block type="SquareTiny" material="stone" x="9.0754" y="-3.39" rotation="0" />
  </GameObjects>
</Level>
