<?xml version="1.0" encoding="utf-16"?>
<Level width="2">
  <Camera x="0" y="-1" minWidth="25" maxWidth="35" />
  <Score highScore="0" />
  <Birds>
    <Bird type="BirdRed"/>
  </Birds>
  <Slingshot x="-12.0" y="-2.5" />
  <GameObjects>
    <Pig type="BasicSmall" material="" x="-2.3219" y="1.9795" rotation="1.0769" />
    <Platform type="Platform" material="" x="-2.3296" y="1.4982" rotation="0.0" scaleX="2.089" scaleY="0.763" />
    <Platform type="Platform" material="" x="-3.9676" y="2.1222" rotation="90.0" scaleX="2.3272" scaleY="0.763" />
    <Block type="RectTiny" material="wood" x="-2.1669" y="-3.39" rotation="0" />
    <Block type="Circle" material="wood" x="5.518" y="-3.1" rotation="0" />
    <Block type="RectSmall" material="wood" x="-6.1355" y="-3.39" rotation="0" />
  </GameObjects>
</Level>
