<?xml version="1.0" encoding="utf-16"?>
<Level width="2">
  <Camera x="0" y="-1" minWidth="25" maxWidth="35" />
  <Score highScore="0" />
  <Birds>
    <Bird type="BirdRed"/>
  </Birds>
  <Slingshot x="-12.0" y="-2.5" />
  <GameObjects>
    <Pig type="BasicSmall" material="" x="3.9674" y="0.5129" rotation="1.0769" />
    <Platform type="Platform" material="" x="3.9596" y="0.0316" rotation="0.0" scaleX="2.089" scaleY="0.763" />
    <Platform type="Platform" material="" x="2.3216" y="0.6556" rotation="90.0" scaleX="2.3272" scaleY="0.763" />
    <Block type="Circle" material="stone" x="0.4776" y="-3.1" rotation="0" />
    <Block type="TriangleHole" material="wood" x="3.3244" y="-3.09" rotation="0" />
    <Block type="RectTiny" material="wood" x="-4.5439" y="-3.39" rotation="0" />
  </GameObjects>
</Level>
