<?xml version="1.0" encoding="utf-16"?>
<Level width="2">
  <Camera x="0" y="-1" minWidth="25" maxWidth="35" />
  <Score highScore="0" />
  <Birds>
    <Bird type="BirdRed"/>
  </Birds>
  <Slingshot x="-12.0" y="-2.5" />
  <GameObjects>
    <Pig type="BasicSmall" material="" x="1.3441" y="-2.7614" rotation="1.0769" />
    <Platform type="Platform" material="" x="1.3363" y="-3.2427" rotation="0.0" scaleX="2.089" scaleY="0.763" />
    <Platform type="Platform" material="" x="-0.3016" y="-2.6187" rotation="90.0" scaleX="2.3272" scaleY="0.763" />
    <Platform type="Platform" material="" x="-4.7477" y="-3.18" rotation="0" scaleX="1.0" scaleY="1.0" />
    <Block type="RectSmall" material="wood" x="-7.6126" y="-3.39" rotation="0" />
    <Block type="Triangle" material="ice" x="-9.6653" y="-3.09" rotation="0" />
  </GameObjects>
</Level>
