<?xml version="1.0" encoding="utf-16"?>
<Level width="2">
  <Camera x="0" y="-1" minWidth="25" maxWidth="35" />
  <Score highScore="0" />
  <Birds>
    <Bird type="BirdRed"/>
  </Birds>
  <Slingshot x="-12.0" y="-2.5" />
  <GameObjects>
    <Pig type="BasicSmall" material="" x="-1.4797" y="-2.0949" rotation="1.0769" />
    <Platform type="Platform" material="" x="-1.4874" y="-2.5762" rotation="0.0" scaleX="2.089" scaleY="0.763" />
    <Platform type="Platform" material="" x="-3.1254" y="-1.9522" rotation="90.0" scaleX="2.3272" scaleY="0.763" />
    <Block type="RectFat" material="ice" x="-7.504" y="-3.285" rotation="0" />
    <Block type="Circle" material="wood" x="-9.4604" y="-3.1" rotation="0" />
    <Block type="RectMedium" material="stone" x="2.9322" y="-3.39" rotation="0" />
  </GameObjects>
</Level>
