<?xml version="1.0" encoding="utf-16"?>
<Level width="2">
  <Camera x="0" y="-1" minWidth="25" maxWidth="35" />
  <Score highScore="0" />
  <Birds>
    <Bird type="BirdRed"/>
  </Birds>
  <Slingshot x="-12.0" y="-2.5" />
  <GameObjects>
    <Pig type="BasicSmall" material="" x="1.1208" y="0.3352" rotation="1.0769" />
    <Platform type="Platform" material="" x="1.113" y="-0.146" rotation="0.0" scaleX="2.089" scaleY="0.763" />
    <Platform type="Platform" material="" x="-0.525" y="0.478" rotation="90.0" scaleX="2.3272" scaleY="0.763" />
    <Block type="RectSmall" material="ice" x="3.5373" y="-3.39" rotation="0" />
    <Block type="Triangle" material="wood" x="-9.8043" y="-3.09" rotation="0" />
    <Block type="SquareSmall" material="stone" x="-4.4942" y="-3.285" rotation="0" />
  </GameObjects>
</Level>
