<?xml version="1.0" encoding="utf-16"?>
<Level width="2">
  <Camera x="0" y="-1" minWidth="25" maxWidth="35" />
  <Score highScore="0" />
  <Birds>
    <Bird type="BirdRed"/>
  </Birds>
  <Slingshot x="-12.0" y="-2.5" />
  <GameObjects>
    <Pig type="BasicSmall" material="" x="-6.1097" y="-1.6797" rotation="1.0769" />
    <Platform type="Platform" material="" x="-6.1175" y="-2.1609" rotation="0.0" scaleX="2.089" scaleY="0.763" />
    <Platform type="Platform" material="" x="-7.7555" y="-1.5369" rotation="90.0" scaleX="2.3272" scaleY="0.763" />
    <Block type="RectMedium" material="wood" x="5.8885" y="-3.39" rotation="0" />
    <Block type="Triangle" material="stone" x="-4.3696" y="-3.09" rotation="0" />
    <Platform type="Platform" material="" x="0.6449" y="-3.18" rotation="0" scaleX="1.0" scaleY="1.0" />
  </GameObjects>
</Level>
