<?xml version="1.0" encoding="utf-16"?>
<Level width="2">
  <Camera x="0" y="-1" minWidth="25" maxWidth="35" />
  <Score highScore="0" />
  <Birds>
    <Bird type="BirdRed"/>
  </Birds>
  <Slingshot x="-12.0" y="-2.5" />
  <GameObjects>
    <Pig type="BasicSmall" material="" x="-2.6808" y="0.4421" rotation="1.0769" />
    <Platform type="Platform" material="" x="-2.6885" y="-0.0391" rotation="0.0" scaleX="2.089" scaleY="0.763" />
    <Platform type="Platform" material="" x="-4.3265" y="0.5849" rotation="90.0" scaleX="2.3272" scaleY="0.763" />
    <Block type="RectMedium" material="ice" x="-5.5472" y="-3.39" rotation="0" />
    <Platform type="Platform" material="" x="-9.341" y="-3.18" rotation="0" scaleX="1.0" scaleY="1.0" />
    <Block type="CircleSmall" material="wood" x="-2.8885" y="-3.275" rotation="0" />
  </GameObjects>
</Level>
