<?xml version="1.0" encoding="utf-16"?>
<Level width="2">
  <Camera x="0" y="-1" minWidth="25" maxWidth="35" />
  <Score highScore="0" />
  <Birds>
    <Bird type="BirdRed"/>
  </Birds>
  <Slingshot x="-12.0" y="-2.5" />
  <GameObjects>
    <Pig type="BasicSmall" material="" x="-6.6743" y="-1.7929" rotation="1.0769" />
    <Platform type="Platform" material="" x="-6.682" y="-2.2742" rotation="0.0" scaleX="2.089" scaleY="0.763" />
    <Platform type="Platform" material="" x="-8.32" y="-1.6502" rotation="90.0" scaleX="2.3272" scaleY="0.763" />
    <Block type="SquareHole" material="ice" x="3.2842" y="-3.08" rotation="0" />
    <Block type="Triangle" material="wood" x="-2.1008" y="-3.09" rotation="0" />
    <Block type="RectTiny" material="wood" x="5.9637" y="-3.39" rotation="0" />
  </GameObjects>
</Level>
