<?xml version="1.0" encoding="utf-16"?>
<Level width="2">
  <Camera x="0" y="-1" minWidth="25" maxWidth="35" />
  <Score highScore="0" />
  <Birds>
    <Bird type="BirdRed"/>
  </Birds>
  <Slingshot x="-12.0" y="-2.5" />
  <GameObjects>
    <Pig type="BasicSmall" material="" x="3.9081" y="1.4846" rotation="1.0769" />
    <Platform type="Platform" material="" x="3.9004" y="1.0033" rotation="0.0" scaleX="2.089" scaleY="0.763" />
    <Platform type="Platform" material="" x="2.2624" y="1.6273" rotation="90.0" scaleX="2.3272" scaleY="0.763" />
    <Block type="TriangleHole" material="wood" x="3.4226" y="-3.09" rotation="0" />
    <Block type="RectSmall" material="wood" x="7.3436" y="-3.39" rotation="0" />
    <Block type="RectSmall" material="ice" x="1.6174" y="-3.39" rotation="0" />
  </GameObjects>
</Level>
