<?xml version="1.0" encoding="utf-16"?>
<Level width="2">
  <Camera x="0" y="-1" minWidth="25" maxWidth="35" />
  <Score highScore="0" />
  <Birds>
    <Bird type="BirdRed"/>
  </Birds>
  <Slingshot x="-12.0" y="-2.5" />
  <GameObjects>
    <Pig type="BasicSmall" material="" x="2.0875" y="2.3655" rotation="1.0769" />
    <Platform type="Platform" material="" x="2.0797" y="1.8843" rotation="0.0" scaleX="2.089" scaleY="0.763" />
    <Platform type="Platform" material="" x="0.4417" y="2.5083" rotation="90.0" scaleX="2.3272" scaleY="0.763" />
    <Block type="CircleSmall" material="ice" x="6.6637" y="-3.275" rotation="0" />
    <Block type="RectMedium" material="stone" x="-8.4018" y="-3.39" rotation="0" />
    <Block type="SquareSmall" material="wood" x="8.9303" y="-3.285" rotation="0" />
  </GameObjects>
</Level>
