<?xml version="1.0" encoding="utf-16"?>
<Level width="2">
  <Camera x="0" y="-1" minWidth="25" maxWidth="35" />
  <Score highScore="0" />
  <Birds>
    <Bird type="BirdRed"/>
  </Birds>
  <Slingshot x="-12.0" y="-2.5" />
  <GameObjects>
    <Pig type="BasicSmall" material="" x="-6.9691" y="3.5544" rotation="1.0769" />
    <Platform type="Platform" material="" x="-6.9768" y="3.0731" rotation="0.0" scaleX="2.089" scaleY="0.763" />
    <Platform type="Platform" material="" x="-8.6149" y="3.6971" rotation="90.0" scaleX="2.3272" scaleY="0.763" />
    <Block type="RectMedium" material="ice" x="-9.5968" y="-3.39" rotation="0" />
    <Block type="RectBig" material="wood" x="-6.7839" y="-3.39" rotation="0" />
    <Platform type="Platform" material="" x="8.695" y="-3.18" rotation="0" scaleX="1.0" scaleY="1.0" />
  </GameObjects>
</Level>
