<?xml version="1.0" encoding="utf-16"?>
<Level width="2">
  <Camera x="0" y="-1" minWidth="25" maxWidth="35" />
  <Score highScore="0" />
  <Birds>
    <Bird type="BirdRed"/>
  </Birds>
  <Slingshot x="-12.0" y="-2.5" />
  <GameObjects>
    <Pig type="BasicSmall" material="" x="4.3341" y="-0.4894" rotation="1.0769" />
    <Platform type="Platform" material="" x="4.3263" y="-0.9707" rotation="0.0" scaleX="2.089" scaleY="0.763" />
    <Platform type="Platform" material="" x="2.6883" y="-0.3467" rotation="90.0" scaleX="2.3272" scaleY="0.763" />
    <Block type="SquareSmall" material="stone" x="2.1348" y="-3.285" rotation="0" />
    <Block type="RectTiny" material="wood" x="-2.7292" y="-3.39" rotation="0" />
    <Block type="CircleSmall" material="wood" x="6.2816" y="-3.275" rotation="0" />
  </GameObjects>
</Level>
