<?xml version="1.0" encoding="utf-16"?>
<Level width="2">
  <Camera x="0" y="-1" minWidth="25" maxWidth="35" />
  <Score highScore="0" />
  <Birds>
    <Bird type="BirdRed"/>
  </Birds>
  <Slingshot x="-12.0" y="-2.5" />
  <GameObjects>
    <Pig type="BasicSmall" material="" x="-5.745" y="0.9148" rotation="1.0769" />
    <Platform type="Platform" material="" x="-5.7527" y="0.4335" rotation="0.0" scaleX="2.089" scaleY="0.763" />
    <Platform type="Platform" material="" x="-7.3907" y="1.0575" rotation="90.0" scaleX="2.3272" scaleY="0.763" />
    <Block type="RectTiny" material="wood" x="-5.2113" y="-3.39" rotation="0" />
    <Block type="RectTiny" material="ice" x="8.4977" y="-3.39" rotation="0" />
    <Block type="RectBig" material="ice" x="3.3446" y="-3.39" rotation="0" />
  </GameObjects>
</Level>
