<?xml version="1.0" encoding="utf-16"?>
<Level width="2">
  <Camera x="0" y="-1" minWidth="25" maxWidth="35" />
  <Score highScore="0" />
  <Birds>
    <Bird type="BirdRed"/>
  </Birds>
  <Slingshot x="-12.0" y="-2.5" />
  <GameObjects>
    <Pig type="BasicSmall" material="" x="3.4469" y="-2.0826" rotation="1.0769" />
    <Platform type="Platform" material="" x="3.4391" y="-2.5639" rotation="0.0" scaleX="2.089" scaleY="0.763" />
    <Platform type="Platform" material="" x="1.8011" y="-1.9399" rotation="90.0" scaleX="2.3272" scaleY="0.763" />
    <Block type="TriangleHole" material="stone" x="-3.1973" y="-3.09" rotation="0" />
    <Block type="Circle" material="stone" x="9.1178" y="-3.1" rotation="0" />
    <Block type="RectFat" material="wood" x="5.1959" y="-3.285" rotation="0" />
  </GameObjects>
</Level>
