<?xml version="1.0" encoding="utf-16"?>
<Level width="2">
  <Camera x="0" y="-1" minWidth="25" maxWidth="35" />
  <Score highScore="0" />
  <Birds>
    <Bird type="BirdRed"/>
  </Birds>
  <Slingshot x="-12.0" y="-2.5" />
  <GameObjects>
    <Pig type="BasicSmall" material="" x="1.944" y="2.0166" rotation="1.0769" />
    <Platform type="Platform" material="" x="1.9363" y="1.5353" rotation="0.0" scaleX="2.089" scaleY="0.763" />
    <Platform type="Platform" material="" x="0.2983" y="2.1593" rotation="90.0" scaleX="2.3272" scaleY="0.763" />
    <Block type="Triangle" material="stone" x="4.7568" y="-3.09" rotation="0" />
    <Block type="RectMedium" material="stone" x="-8.6412" y="-3.39" rotation="0" />
    <Block type="SquareHole" material="ice" x="-3.555" y="-3.08" rotation="0" />
  </GameObjects>
</Level>
