<?xml version="1.0" encoding="utf-16"?>
<Level width="2">
  <Camera x="0" y="-1" minWidth="25" maxWidth="35" />
  <Score highScore="0" />
  <Birds>
    <Bird type="BirdRed"/>
  </Birds>
  <Slingshot x="-12.0" y="-2.5" />
  <GameObjects>
    <Pig type="BasicSmall" material="" x="1.6884" y="2.6132" rotation="1.0769" />
    <Platform type="Platform" material="" x="1.6807" y="2.132" rotation="0.0" scaleX="2.089" scaleY="0.763" />
    <Platform type="Platform" material="" x="0.0427" y="2.756" rotation="90.0" scaleX="2.3272" scaleY="0.763" />
    <Block type="RectTiny" material="stone" x="2.9003" y="-3.39" rotation="0" />
    <Platform type="Platform" material="" x="-3.0204" y="-3.18" rotation="0" scaleX="1.0" scaleY="1.0" />
    <Block type="SquareTiny" material="wood" x="5.1027" y="-3.39" rotation="0" />
  </GameObjects>
</Level>
