<?xml version="1.0" encoding="utf-16"?>
<Level width="2">
  <Camera x="0" y="-1" minWidth="25" maxWidth="35" />
  <Score highScore="0" />
  <Birds>
    <Bird type="BirdRed"/>
  </Birds>
  <Slingshot x="-12.0" y="-2.5" />
  <GameObjects>
    <Pig type="BasicSmall" material="" x="-6.4102" y="1.4234" rotation="1.0769" />
    <Platform type="Platform" material="" x="-6.418" y="0.9421" rotation="0.0" scaleX="2.089" scaleY="0.763" />
    <Platform type="Platform" material="" x="-8.056" y="1.5661" rotation="90.0" scaleX="2.3272" scaleY="0.763" />
    <Block type="Triangle" material="ice" x="-3.0704" y="-3.09" rotation="0" />
    <Block type="RectBig" material="wood" x="7.9921" y="-3.39" rotation="0" />
    <Block type="TriangleHole" material="stone" x="4.4882" y="-3.09" rotation="0" />
  </GameObjects>
</Level>
