<?xml version="1.0" encoding="utf-16"?>
<Level width="2">
  <Camera x="0" y="-1" minWidth="25" maxWidth="35" />
  <Score highScore="0" />
  <Birds>
    <Bird type="BirdRed"/>
  </Birds>
  <Slingshot x="-12.0" y="-2.5" />
  <GameObjects>
    <Pig type="BasicSmall" material="" x="-6.529" y="-2.4824" rotation="1.0769" />
    <Platform type="Platform" material="" x="-6.5368" y="-2.9637" rotation="0.0" scaleX="2.089" scaleY="0.763" />
    <Platform type="Platform" material="" x="-8.1747" y="-2.3397" rotation="90.0" scaleX="2.3272" scaleY="0.763" />
    <Platform type="Platform" material="" x="7.3212" y="-3.18" rotation="0" scaleX="1.0" scaleY="1.0" />
    <Block type="RectSmall" material="ice" x="3.3927" y="-3.39" rotation="0" />
    <Block type="SquareSmall" material="stone" x="5.0217" y="-3.285" rotation="0" />
  </GameObjects>
</Level>
