<?xml version="1.0" encoding="utf-16"?>
<Level width="2">
  <Camera x="0" y="-1" minWidth="25" maxWidth="35" />
  <Score highScore="0" />
  <Birds>
    <Bird type="BirdRed"/>
  </Birds>
  <Slingshot x="-12.0" y="-2.5" />
  <GameObjects>
    <Pig type="BasicSmall" material="" x="-4.4508" y="3.3382" rotation="1.0769" />
    <Platform type="Platform" material="" x="-4.4585" y="2.8569" rotation="0.0" scaleX="2.089" scaleY="0.763" />
    <Platform type="Platform" material="" x="-6.0965" y="3.4809" rotation="90.0" scaleX="2.3272" scaleY="0.763" />
    <Block type="RectSmall" material="ice" x="-5.9933" y="-3.39" rotation="0" />
    <Block type="RectSmall" material="stone" x="-3.6242" y="-3.39" rotation="0" />
    <Block type="RectSmall" material="stone" x="0.0897" y="-3.39" rotation="0" />
  </GameObjects>
</Level>
