<?xml version="1.0" encoding="utf-16"?>
<Level width="2">
  <Camera x="0" y="-1" minWidth="25" maxWidth="35" />
  <Score highScore="0" />
  <Birds>
    <Bird type="BirdRed"/>
  </Birds>
  <Slingshot x="-12.0" y="-2.5" />
  <GameObjects>
    <Pig type="BasicSmall" material="" x="-6.7802" y="0.8065" rotation="1.0769" />
    <Platform type="Platform" material="" x="-6.788" y="0.3252" rotation="0.0" scaleX="2.089" scaleY="0.763" />
    <Platform type="Platform" material="" x="-8.426" y="0.9492" rotation="90.0" scaleX="2.3272" scaleY="0.763" />
    <Block type="CircleSmall" material="stone" x="5.7654" y="-3.275" rotation="0" />
    <Block type="Circle" material="stone" x="0.0822" y="-3.1" rotation="0" />
    <Platform type="Platform" material="" x="7.8965" y="-3.18" rotation="0" scaleX="1.0" scaleY="1.0" />
  </GameObjects>
</Level>
