<?xml version="1.0" encoding="utf-16"?>
<Level width="2">
  <Camera x="0" y="-1" minWidth="25" maxWidth="35" />
  <Score highScore="0" />
  <Birds>
    <Bird type="BirdRed"/>
  </Birds>
  <Slingshot x="-12.0" y="-2.5" />
  <GameObjects>
    <Pig type="BasicSmall" material="" x="1.2124" y="-0.4256" rotation="1.0769" />
    <Platform type="Platform" material="" x="1.2047" y="-0.9069" rotation="0.0" scaleX="2.089" scaleY="0.763" />
    <Platform type="Platform" material="" x="-0.4333" y="-0.2829" rotation="90.0" scaleX="2.3272" scaleY="0.763" />
    <Platform type="Platform" material="" x="5.6846" y="-3.18" rotation="0" scaleX="1.0" scaleY="1.0" />
    <Block type="RectFat" material="wood" x="-7.4526" y="-3.285" rotation="0" />
    <Block type="RectFat" material="wood" x="-0.2851" y="-3.285" rotation="0" />
  </GameObjects>
</Level>
