<?xml version="1.0" encoding="utf-16"?>
<Level width="2">
  <Camera x="0" y="-1" minWidth="25" maxWidth="35" />
  <Score highScore="0" />
  <Birds>
    <Bird type="BirdRed"/>
  </Birds>
  <Slingshot x="-12.0" y="-2.5" />
  <GameObjects>
    <Pig type="BasicSmall" material="" x="-1.8962" y="2.4404" rotation="1.0769" />
    <Platform type="Platform" material="" x="-1.9039" y="1.9591" rotation="0.0" scaleX="2.089" scaleY="0.763" />
    <Platform type="Platform" material="" x="-3.5419" y="2.5831" rotation="90.0" scaleX="2.3272" scaleY="0.763" />
    <Block type="Circle" material="stone" x="-8.7274" y="-3.1" rotation="0" />
    <Platform type="Platform" material="" x="5.3" y="-3.18" rotation="0" scaleX="1.0" scaleY="1.0" />
    <Block type="RectTiny" material="wood" x="2.8043" y="-3.39" rotation="0" />
  </GameObjects>
</Level>
