<?xml version="1.0" encoding="utf-16"?>
<Level width="2">
  <Camera x="0" y="-1" minWidth="25" maxWidth="35" />
  <Score highScore="0" />
  <Birds>
    <Bird type="BirdRed"/>
  </Birds>
  <Slingshot x="-12.0" y="-2.5" />
  <GameObjects>
    <Pig type="BasicSmall" material="" x="1.9605" y="0.7298" rotation="1.0769" />
    <Platform type="Platform" material="" x="1.9528" y="0.2485" rotation="0.0" scaleX="2.089" scaleY="0.763" />
    <Platform type="Platform" material="" x="0.3148" y="0.8725" rotation="90.0" scaleX="2.3272" scaleY="0.763" />
    <Block type="RectTiny" material="stone" x="5.1432" y="-3.39" rotation="0" />
    <Block type="SquareSmall" material="ice" x="-4.3533" y="-3.285" rotation="0" />
    <Block type="RectTiny" material="ice" x="3.2422" y="-3.39" rotation="0" />
  </GameObjects>
</Level>
