<?xml version="1.0" encoding="utf-16"?>
<Level width="2">
  <Camera x="0" y="-1" minWidth="25" maxWidth="35" />
  <Score highScore="0" />
  <Birds>
    <Bird type="BirdRed"/>
  </Birds>
  <Slingshot x="-12.0" y="-2.5" />
  <GameObjects>
    <Pig type="BasicSmall" material="" x="-3.2675" y="3.4459" rotation="1.0769" />
    <Platform type="Platform" material="" x="-3.2752" y="2.9646" rotation="0.0" scaleX="2.089" scaleY="0.763" />
    <Platform type="Platform" material="" x="-4.9132" y="3.5886" rotation="90.0" scaleX="2.3272" scaleY="0.763" />
    <Block type="RectMedium" material="ice" x="3.2817" y="-3.39" rotation="0" />
    <Block type="Circle" material="stone" x="-4.3848" y="-3.1" rotation="0" />
    <Block type="TriangleHole" material="wood" x="5.6186" y="-3.09" rotation="0" />
  </GameObjects>
</Level>
