<?xml version="1.0" encoding="utf-16"?>
<Level width="2">
  <Camera x="0" y="-1" minWidth="25" maxWidth="35" />
  <Score highScore="0" />
  <Birds>
    <Bird type="BirdRed"/>
  </Birds>
  <Slingshot x="-12.0" y="-2.5" />
  <GameObjects>
    <Pig type="BasicSmall" material="" x="-1.6143" y="0.9408" rotation="1.0769" />
    <Platform type="Platform" material="" x="-1.622" y="0.4595" rotation="0.0" scaleX="2.089" scaleY="0.763" />
    <Platform type="Platform" material="" x="-3.26" y="1.0835" rotation="90.0" scaleX="2.3272" scaleY="0.763" />
    <Block type="Triangle" material="wood" x="0.4516" y="-3.09" rotation="0" />
    <Platform type="Platform" material="" x="6.1957" y="-3.18" rotation="0" scaleX="1.0" scaleY="1.0" />
    <Block type="RectBig" material="wood" x="4.0249" y="-3.39" rotation="0" />
  </GameObjects>
</Level>
