<?xml version="1.0" encoding="utf-16"?>
<Level width="2">
  <Camera x="0" y="-1" minWidth="25" maxWidth="35" />
  <Score highScore="0" />
  <Birds>
    <Bird type="BirdRed"/>
  </Birds>
  <Slingshot x="-12.0" y="-2.5" />
  <GameObjects>
    <Pig type="BasicSmall" material="" x="-0.5163" y="-0.6686" rotation="1.0769" />
    <Platform type="Platform" material="" x="-0.524" y="-1.1499" rotation="0.0" scaleX="2.089" scaleY="0.763" />
    <Platform type="Platform" material="" x="-2.162" y="-0.5259" rotation="90.0" scaleX="2.3272" scaleY="0.763" />
    <Platform type="Platform" material="" x="-2.0493" y="-3.18" rotation="0" scaleX="1.0" scaleY="1.0" />
    <Block type="RectBig" material="wood" x="2.8142" y="-3.39" rotation="0" />
    <Block type="SquareTiny" material="wood" x="-7.5268" y="-3.39" rotation="0" />
  </GameObjects>
</Level>
