<?xml version="1.0" encoding="utf-16"?>
<Level width="2">
  <Camera x="0" y="-1" minWidth="25" maxWidth="35" />
  <Score highScore="0" />
  <Birds>
    <Bird type="BirdRed"/>
  </Birds>
  <Slingshot x="-12.0" y="-2.5" />
  <GameObjects>
    <Pig type="BasicSmall" material="" x="-3.0557" y="-2.2035" rotation="1.0769" />
    <Platform type="Platform" material="" x="-3.0635" y="-2.6847" rotation="0.0" scaleX="2.089" scaleY="0.763" />
    <Platform type="Platform" material="" x="-4.7015" y="-2.0607" rotation="90.0" scaleX="2.3272" scaleY="0.763" />
    <Block type="TriangleHole" material="ice" x="6.455" y="-3.09" rotation="0" />
    <Block type="RectBig" material="ice" x="-6.0205" y="-3.39" rotation="0" />
    <Block type="CircleSmall" material="ice" x="2.5581" y="-3.275" rotation="0" />
  </GameObjects>
</Level>
