<?xml version="1.0" encoding="utf-16"?>
<Level width="2">
  <Camera x="0" y="-1" minWidth="25" maxWidth="35" />
  <Score highScore="0" />
  <Birds>
    <Bird type="BirdRed"/>
  </Birds>
  <Slingshot x="-12.0" y="-2.5" />
  <GameObjects>
    <Pig type="BasicSmall" material="" x="-5.4439" y="2.4952" rotation="1.0769" />
    <Platform type="Platform" material="" x="-5.4516" y="2.0139" rotation="0.0" scaleX="2.089" scaleY="0.763" />
    <Platform type="Platform" material="" x="-7.0896" y="2.6379" rotation="90.0" scaleX="2.3272" scaleY="0.763" />
    <Block type="SquareSmall" material="ice" x="5.3403" y="-3.285" rotation="0" />
    <Block type="TriangleHole" material="stone" x="-8.3454" y="-3.09" rotation="0" />
    <Block type="RectBig" material="stone" x="-0.4833" y="-3.39" rotation="0" />
  </GameObjects>
</Level>
