<?xml version="1.0" encoding="utf-16"?>
<Level width="2">
  <Camera x="0" y="-1" minWidth="25" maxWidth="35" />
  <Score highScore="0" />
  <Birds>
    <Bird type="BirdRed"/>
  </Birds>
  <Slingshot x="-12.0" y="-2.5" />
  <GameObjects>
    <Pig type="BasicSmall" material="" x="5.1122" y="-1.5855" rotation="1.0769" />
    <Platform type="Platform" material="" x="5.1045" y="-2.0667" rotation="0.0" scaleX="2.089" scaleY="0.763" />
    <Platform type="Platform" material="" x="3.4665" y="-1.4427" rotation="90.0" scaleX="2.3272" scaleY="0.763" />
    <Block type="TriangleHole" material="wood" x="7.3747" y="-3.09" rotation="0" />
    <Block type="RectMedium" material="stone" x="1.699" y="-3.39" rotation="0" />
    <Block type="RectTiny" material="wood" x="-0.6298" y="-3.39" rotation="0" />
  </GameObjects>
</Level>
