<?xml version="1.0" encoding="utf-16"?>
<Level width="2">
  <Camera x="0" y="-1" minWidth="25" maxWidth="35" />
  <Score highScore="0" />
  <Birds>
    <Bird type="BirdRed"/>
  </Birds>
  <Slingshot x="-12.0" y="-2.5" />
  <GameObjects>
    <Pig type="BasicSmall" material="" x="-1.3393" y="3.6815" rotation="1.0769" />
    <Platform type="Platform" material="" x="-1.347" y="3.2002" rotation="0.0" scaleX="2.089" scaleY="0.763" />
    <Platform type="Platform" material="" x="-2.985" y="3.8242" rotation="90.0" scaleX="2.3272" scaleY="0.763" />
    <Block type="SquareTiny" material="wood" x="-9.7899" y="-3.39" rotation="0" />
    <Block type="RectMedium" material="stone" x="-6.5804" y="-3.39" rotation="0" />
    <Block type="RectSmall" material="stone" x="2.0575" y="-3.39" rotation="0" />
  </GameObjects>
</Level>
