<?xml version="1.0" encoding="utf-16"?>
<Level width="2">
  <Camera x="0" y="-1" minWidth="25" maxWidth="35" />
  <Score highScore="0" />
  <Birds>
    <Bird type="BirdRed"/>
  </Birds>
  <Slingshot x="-12.0" y="-2.5" />
  <GameObjects>
    <Pig type="BasicSmall" material="" x="-2.902" y="-1.6476" rotation="1.0769" />
    <Platform type="Platform" material="" x="-2.9098" y="-2.1288" rotation="0.0" scaleX="2.089" scaleY="0.763" />
    <Platform type="Platform" material="" x="-4.5478" y="-1.5048" rotation="90.0" scaleX="2.3272" scaleY="0.763" />
    <Block type="Triangle" material="ice" x="-1.1196" y="-3.09" rotation="0" />
    <Block type="RectTiny" material="stone" x="3.1237" y="-3.39" rotation="0" />
    <Block type="RectBig" material="ice" x="7.464" y="-3.39" rotation="0" />
  </GameObjects>
</Level>
