<?xml version="1.0" encoding="utf-16"?>
<Level width="2">
  <Camera x="0" y="-1" minWidth="25" maxWidth="35" />
  <Score highScore="0" />
  <Birds>
    <Bird type="BirdRed"/>
  </Birds>
  <Slingshot x="-12.0" y="-2.5" />
  <GameObjects>
    <Pig type="BasicSmall" material="" x="5.2703" y="-2.3317" rotation="1.0769" />
    <Platform type="Platform" material="" x="5.2625" y="-2.813" rotation="0.0" scaleX="2.089" scaleY="0.763" />
    <Block type="TriangleHole" material="ice" x="-8.2701" y="-3.09" rotation="0" />
    <Block type="RectMedium" material="ice" x="1.959" y="-3.39" rotation="0" />
    <Platform type="Platform" material="" x="-2.8456" y="-3.18" rotation="0" scaleX="1.0" scaleY="1.0" />
  </GameObjects>
</Level>
