<?xml version="1.0" encoding="utf-16"?>
<Level width="2">
  <Camera x="0" y="-1" minWidth="25" maxWidth="35" />
  <Score highScore="0" />
  <Birds>
    <Bird type="BirdRed"/>
  </Birds>
  <Slingshot x="-12.0" y="-2.5" />
  <GameObjects>
    <Pig type="BasicSmall" material="" x="-2.5592" y="-2.5024" rotation="1.0769" />
    <Platform type="Platform" material="" x="-2.567" y="-2.9837" rotation="0.0" scaleX="2.089" scaleY="0.763" />
    <Platform type="Platform" material="" x="1.4756" y="-3.18" rotation="0" scaleX="1.0" scaleY="1.0" />
    <Block type="Triangle" material="stone" x="4.8504" y="-3.09" rotation="0" />
    <Block type="SquareSmall" material="wood" x="-5.5252" y="-3.285" rotation="0" />
  </GameObjects>
</Level>
