<?xml version="1.0" encoding="utf-16"?>
<Level width="2">
  <Camera x="0" y="-1" minWidth="25" maxWidth="35" />
  <Score highScore="0" />
  <Birds>
    <Bird type="BirdRed"/>
  </Birds>
  <Slingshot x="-12.0" y="-2.5" />
  <GameObjects>
    <Pig type="BasicSmall" material="" x="-4.0189" y="3.5363" rotation="1.0769" />
    <Platform type="Platform" material="" x="-4.0266" y="3.0551" rotation="0.0" scaleX="2.089" scaleY="0.763" />
    <Block type="TriangleHole" material="ice" x="-8.6428" y="-3.09" rotation="0" />
    <Block type="RectBig" material="wood" x="-0.1519" y="-3.39" rotation="0" />
    <Block type="Triangle" material="stone" x="9.3273" y="-3.09" rotation="0" />
  </GameObjects>
</Level>
