<?xml version="1.0" encoding="utf-16"?>
<Level width="2">
  <Camera x="0" y="-1" minWidth="25" maxWidth="35" />
  <Score highScore="0" />
  <Birds>
    <Bird type="BirdRed"/>
  </Birds>
  <Slingshot x="-12.0" y="-2.5" />
  <GameObjects>
    <Pig type="BasicSmall" material="" x="1.5258" y="-2.5606" rotation="1.0769" />
    <Platform type="Platform" material="" x="1.518" y="-3.0418" rotation="0.0" scaleX="2.089" scaleY="0.763" />
    <Block type="CircleSmall" material="ice" x="-7.1624" y="-3.275" rotation="0" />
    <Block type="SquareHole" material="wood" x="-4.2508" y="-3.08" rotation="0" />
    <Block type="SquareSmall" material="stone" x="4.8222" y="-3.285" rotation="0" />
  </GameObjects>
</Level>
