<?xml version="1.0" encoding="utf-16"?>
<Level width="2">
  <Camera x="0" y="-1" minWidth="25" maxWidth="35" />
  <Score highScore="0" />
  <Birds>
    <Bird type="BirdRed"/>
  </Birds>
  <Slingshot x="-12.0" y="-2.5" />
  <GameObjects>
    <Pig type="BasicSmall" material="" x="0.3012" y="1.7422" rotation="1.0769" />
    <Platform type="Platform" material="" x="0.2935" y="1.2609" rotation="0.0" scaleX="2.089" scaleY="0.763" />
    <Block type="RectBig" material="stone" x="-8.2805" y="-3.39" rotation="0" />
    <Block type="Circle" material="ice" x="-0.4742" y="-3.1" rotation="0" />
    <Block type="TriangleHole" material="wood" x="8.195" y="-3.09" rotation="0" />
  </GameObjects>
</Level>
