<?xml version="1.0" encoding="utf-16"?>
<Level width="2">
  <Camera x="0" y="-1" minWidth="25" maxWidth="35" />
  <Score highScore="0" />
  <Birds>
    <Bird type="BirdRed"/>
  </Birds>
  <Slingshot x="-12.0" y="-2.5" />
  <GameObjects>
    <Pig type="BasicSmall" material="" x="-1.7588" y="3.4678" rotation="1.0769" />
    <Platform type="Platform" material="" x="-1.7666" y="2.9865" rotation="0.0" scaleX="2.089" scaleY="0.763" />
    <Block type="SquareSmall" material="wood" x="7.8459" y="-3.285" rotation="0" />
    <Block type="Circle" material="wood" x="-2.2289" y="-3.1" rotation="0" />
    <Block type="RectSmall" material="ice" x="-8.6084" y="-3.39" rotation="0" />
  </GameObjects>
</Level>
