<?xml version="1.0" encoding="utf-16"?>
<Level width="2">
  <Camera x="0" y="-1" minWidth="25" maxWidth="35" />
  <Score highScore="0" />
  <Birds>
    <Bird type="BirdRed"/>
  </Birds>
  <Slingshot x="-12.0" y="-2.5" />
  <GameObjects>
    <Pig type="BasicSmall" material="" x="-0.6724" y="-1.7225" rotation="1.0769" />
    <Platform type="Platform" material="" x="-0.6802" y="-2.2037" rotation="0.0" scaleX="2.089" scaleY="0.763" />
    <Block type="SquareSmall" material="stone" x="-8.0916" y="-3.285" rotation="0" />
    <Block type="RectTiny" material="stone" x="2.9035" y="-3.39" rotation="0" />
    <Block type="RectTiny" material="ice" x="-4.3281" y="-3.39" rotation="0" />
  </GameObjects>
</Level>
