<?xml version="1.0" encoding="utf-16"?>
<Level width="2">
  <Camera x="0" y="-1" minWidth="25" maxWidth="35" />
  <Score highScore="0" />
  <Birds>
    <Bird type="BirdRed"/>
  </Birds>
  <Slingshot x="-12.0" y="-2.5" />
  <GameObjects>
    <Pig type="BasicSmall" material="" x="5.4289" y="-0.8355" rotation="1.0769" />
    <Platform type="Platform" material="" x="5.4212" y="-1.3168" rotation="0.0" scaleX="2.089" scaleY="0.763" />
    <Block type="SquareHole" material="wood" x="-8.4612" y="-3.08" rotation="0" />
    <Block type="RectTiny" material="stone" x="2.331" y="-3.39" rotation="0" />
    <Block type="RectSmall" material="ice" x="-0.9214" y="-3.39" rotation="0" />
  </GameObjects>
</Level>
