<?xml version="1.0" encoding="utf-16"?>
<Level width="2">
  <Camera x="0" y="-1" minWidth="25" maxWidth="35" />
  <Score highScore="0" />
  <Birds>
    <Bird type="BirdRed"/>
  </Birds>
  <Slingshot x="-12.0" y="-2.5" />
  <GameObjects>
    <Pig type="BasicSmall" material="" x="-2.29" y="1.5356" rotation="1.0769" />
    <Platform type="Platform" material="" x="-2.2978" y="1.0543" rotation="0.0" scaleX="2.089" scaleY="0.763" />
    <Block type="RectFat" material="stone" x="-6.9171" y="-3.285" rotation="0" />
    <Block type="Circle" material="stone" x="5.1711" y="-3.1" rotation="0" />
    <Block type="RectMedium" material="wood" x="1.2937" y="-3.39" rotation="0" />
  </GameObjects>
</Level>
