<?xml version="1.0" encoding="utf-16"?>
<Level width="2">
  <Camera x="0" y="-1" minWidth="25" maxWidth="35" />
  <Score highScore="0" />
  <Birds>
    <Bird type="BirdRed"/>
  </Birds>
  <Slingshot x="-12.0" y="-2.5" />
  <GameObjects>
    <Pig type="BasicSmall" material="" x="-1.2181" y="3.6387" rotation="1.0769" />
    <Platform type="Platform" material="" x="-1.2258" y="3.1575" rotation="0.0" scaleX="2.089" scaleY="0.763" />
    <Platform type="Platform" material="" x="8.9627" y="-3.18" rotation="0" scaleX="1.0" scaleY="1.0" />
    <Block type="RectBig" material="ice" x="-2.3277" y="-3.39" rotation="0" />
    <Block type="RectBig" material="wood" x="-6.4962" y="-3.39" rotation="0" />
  </GameObjects>
</Level>
