<?xml version="1.0" encoding="utf-16"?>
<Level width="2">
  <Camera x="0" y="-1" minWidth="25" maxWidth="35" />
  <Score highScore="0" />
  <Birds>
    <Bird type="BirdRed"/>
  </Birds>
  <Slingshot x="-12.0" y="-2.5" />
  <GameObjects>
    <Pig type="BasicSmall" material="" x="4.3896" y="-0.9116" rotation="1.0769" />
    <Platform type="Platform" material="" x="4.3818" y="-1.3929" rotation="0.0" scaleX="2.089" scaleY="0.763" />
    <Block type="RectTiny" material="ice" x="-3.6008" y="-3.39" rotation="0" />
    <Block type="Triangle" material="ice" x="-7.2569" y="-3.09" rotation="0" />
    <Block type="TriangleHole" material="wood" x="3.6076" y="-3.09" rotation="0" />
  </GameObjects>
</Level>
