<?xml version="1.0" encoding="utf-16"?>
<Level width="2">
  <Camera x="0" y="-1" minWidth="25" maxWidth="35" />
  <Score highScore="0" />
  <Birds>
    <Bird type="BirdRed"/>
  </Birds>
  <Slingshot x="-12.0" y="-2.5" />
  <GameObjects>
    <Pig type="BasicSmall" material="" x="-4.6745" y="3.9017" rotation="1.0769" />
    <Platform type="Platform" material="" x="-4.6823" y="3.4205" rotation="0.0" scaleX="2.089" scaleY="0.763" />
    <Block type="Circle" material="stone" x="-1.7575" y="-3.1" rotation="0" />
    <Block type="RectSmall" material="stone" x="6.8377" y="-3.39" rotation="0" />
    <Block type="RectFat" material="wood" x="-7.5595" y="-3.285" rotation="0" />
  </GameObjects>
</Level>
