<?xml version="1.0" encoding="utf-16"?>
<Level width="2">
  <Camera x="0" y="-1" minWidth="25" maxWidth="35" />
  <Score highScore="0" />
  <Birds>
    <Bird type="BirdRed"/>
  </Birds>
  <Slingshot x="-12.0" y="-2.5" />
  <GameObjects>
    <Pig type="BasicSmall" material="" x="-1.4458" y="1.2691" rotation="1.0769" />
    <Platform type="Platform" material="" x="-1.4536" y="0.7878" rotation="0.0" scaleX="2.089" scaleY="0.763" />
    <Block type="CircleSmall" material="stone" x="-3.1522" y="-3.275" rotation="0" />
    <Block type="RectFat" material="ice" x="-0.25" y="-3.285" rotation="0" />
    <Block type="RectFat" material="wood" x="5.6411" y="-3.285" rotation="0" />
  </GameObjects>
</Level>
