<?xml version="1.0" encoding="utf-16"?>
<Level width="2">
  <Camera x="0" y="-1" minWidth="25" maxWidth="35" />
  <Score highScore="0" />
  <Birds>
    <Bird type="BirdRed"/>
  </Birds>
  <Slingshot x="-12.0" y="-2.5" />
  <GameObjects>
    <Pig type="BasicSmall" material="" x="0.8667" y="-1.2064" rotation="1.0769" />
    <Platform type="Platform" material="" x="0.8589" y="-1.6877" rotation="0.0" scaleX="2.089" scaleY="0.763" />
    <Block type="RectFat" material="ice" x="0.3159" y="-3.285" rotation="0" />
    <Block type="CircleSmall" material="ice" x="-8.1455" y="-3.275" rotation="0" />
    <Block type="TriangleHole" material="ice" x="7.8253" y="-3.09" rotation="0" />
  </GameObjects>
</Level>
