<?xml version="1.0" encoding="utf-16"?>
<Level width="2">
  <Camera x="0" y="-1" minWidth="25" maxWidth="35" />
  <Score highScore="0" />
  <Birds>
    <Bird type="BirdRed"/>
  </Birds>
  <Slingshot x="-12.0" y="-2.5" />
  <GameObjects>
    <Pig type="BasicSmall" material="" x="-3.237" y="0.3135" rotation="1.0769" />
    <Platform type="Platform" material="" x="-3.2448" y="-0.1678" rotation="0.0" scaleX="2.089" scaleY="0.763" />
    <Block type="SquareTiny" material="stone" x="6.8681" y="-3.39" rotation="0" />
    <Block type="RectBig" material="wood" x="-9.153" y="-3.39" rotation="0" />
    <Block type="SquareTiny" material="stone" x="3.7351" y="-3.39" rotation="0" />
  </GameObjects>
</Level>
