<?xml version="1.0" encoding="utf-16"?>
<Level width="2">
  <Camera x="0" y="-1" minWidth="25" maxWidth="35" />
  <Score highScore="0" />
  <Birds>
    <Bird type="BirdRed"/>
  </Birds>
  <Slingshot x="-12.0" y="-2.5" />
  <GameObjects>
    <Pig type="BasicSmall" material="" x="4.0234" y="0.9276" rotation="1.0769" />
    <Platform type="Platform" material="" x="4.0157" y="0.4463" rotation="0.0" scaleX="2.089" scaleY="0.763" />
    <Block type="Circle" material="wood" x="-0.6727" y="-3.1" rotation="0" />
    <Block type="SquareSmall" material="stone" x="6.8109" y="-3.285" rotation="0" />
    <Block type="SquareSmall" material="wood" x="-5.9463" y="-3.285" rotation="0" />
  </GameObjects>
</Level>
