<?xml version="1.0" encoding="utf-16"?>
<Level width="2">
  <Camera x="0" y="-1" minWidth="25" maxWidth="35" />
  <Score highScore="0" />
  <Birds>
    <Bird type="BirdRed"/>
  </Birds>
  <Slingshot x="-12.0" y="-2.5" />
  <GameObjects>
    <Pig type="BasicSmall" material="" x="4.3355" y="1.0323" rotation="1.0769" />
    <Platform type="Platform" material="" x="4.3277" y="0.551" rotation="0.0" scaleX="2.089" scaleY="0.763" />
    <Block type="SquareTiny" material="stone" x="2.417" y="-3.39" rotation="0" />
    <Block type="RectBig" material="ice" x="7.6282" y="-3.39" rotation="0" />
    <Platform type="Platform" material="" x="-4.7157" y="-3.18" rotation="0" scaleX="1.0" scaleY="1.0" />
  </GameObjects>
</Level>
