<?xml version="1.0" encoding="utf-16"?>
<Level width="2">
  <Camera x="0" y="-1" minWidth="25" maxWidth="35" />
  <Score highScore="0" />
  <Birds>
    <Bird type="BirdRed"/>
  </Birds>
  <Slingshot x="-12.0" y="-2.5" />
  <GameObjects>
    <Pig type="BasicSmall" material="" x="-3.2311" y="-0.829" rotation="1.0769" />
    <Platform type="Platform" material="" x="-3.2388" y="-1.3103" rotation="0.0" scaleX="2.089" scaleY="0.763" />
    <Block type="RectMedium" material="ice" x="3.0536" y="-3.39" rotation="0" />
    <Block type="RectTiny" material="wood" x="-2.4869" y="-3.39" rotation="0" />
    <Block type="SquareSmall" material="wood" x="8.2873" y="-3.285" rotation="0" />
  </GameObjects>
</Level>
