<?xml version="1.0" encoding="utf-16"?>
<Level width="2">
  <Camera x="0" y="-1" minWidth="25" maxWidth="35" />
  <Score highScore="0" />
  <Birds>
    <Bird type="BirdRed"/>
  </Birds>
  <Slingshot x="-12.0" y="-2.5" />
  <GameObjects>
    <Pig type="BasicSmall" material="" x="-4.6636" y="0.294" rotation="1.0769" />
    <Platform type="Platform" material="" x="-4.6713" y="-0.1872" rotation="0.0" scaleX="2.089" scaleY="0.763" />
    <Block type="Circle" material="stone" x="5.2551" y="-3.1" rotation="0" />
    <Block type="RectFat" material="ice" x="-8.8378" y="-3.285" rotation="0" />
    <Block type="RectTiny" material="wood" x="-0.2524" y="-3.39" rotation="0" />
  </GameObjects>
</Level>
