<?xml version="1.0" encoding="utf-16"?>
<Level width="2">
  <Camera x="0" y="-1" minWidth="25" maxWidth="35" />
  <Score highScore="0" />
  <Birds>
    <Bird type="BirdRed"/>
  </Birds>
  <Slingshot x="-12.0" y="-2.5" />
  <GameObjects>
    <Pig type="BasicSmall" material="" x="-4.0264" y="1.0887" rotation="1.0769" />
    <Platform type="Platform" material="" x="-4.0341" y="0.6074" rotation="0.0" scaleX="2.089" scaleY="0.763" />
    <Block type="RectTiny" material="stone" x="2.2845" y="-3.39" rotation="0" />
    <Block type="Triangle" material="ice" x="5.141" y="-3.09" rotation="0" />
    <Block type="RectSmall" material="stone" x="7.2545" y="-3.39" rotation="0" />
  </GameObjects>
</Level>
