<?xml version="1.0" encoding="utf-16"?>
<Level width="2">
  <Camera x="0" y="-1" minWidth="25" maxWidth="35" />
  <Score highScore="0" />
  <Birds>
    <Bird type="BirdRed"/>
  </Birds>
  <Slingshot x="-12.0" y="-2.5" />
  <GameObjects>
    <Pig type="BasicSmall" material="" x="-5.5443" y="-0.3994" rotation="1.0769" />
    <Platform type="Platform" material="" x="-5.552" y="-0.8806" rotation="0.0" scaleX="2.089" scaleY="0.763" />
    <Block type="RectTiny" material="ice" x="8.9817" y="-3.39" rotation="0" />
    <Platform type="Platform" material="" x="-9.3834" y="-3.18" rotation="0" scaleX="1.0" scaleY="1.0" />
    <Block type="Circle" material="ice" x="-7.3669" y="-3.1" rotation="0" />
  </GameObjects>
</Level>
