<?xml version="1.0" encoding="utf-16"?>
<Level width="2">
  <Camera x="0" y="-1" minWidth="25" maxWidth="35" />
  <Score highScore="0" />
  <Birds>
    <Bird type="BirdRed"/>
  </Birds>
  <Slingshot x="-12.0" y="-2.5" />
  <GameObjects>
    <Pig type="BasicSmall" material="" x="0.2653" y="0.556" rotation="1.0769" />
    <Platform type="Platform" material="" x="0.2575" y="0.0747" rotation="0.0" scaleX="2.089" scaleY="0.763" />
    <Block type="RectBig" material="ice" x="-5.4671" y="-3.39" rotation="0" />
    <Block type="Circle" material="ice" x="-2.8107" y="-3.1" rotation="0" />
    <Block type="Circle" material="wood" x="2.0569" y="-3.1" rotation="0" />
  </GameObjects>
</Level>
