<?xml version="1.0" encoding="utf-16"?>
<Level width="2">
  <Camera x="0" y="-1" minWidth="25" maxWidth="35" />
  <Score highScore="0" />
  <Birds>
    <Bird type="BirdRed"/>
  </Birds>
  <Slingshot x="-12.0" y="-2.5" />
  <GameObjects>
    <Pig type="BasicSmall" material="" x="-3.0377" y="-2.3711" rotation="1.0769" />
    <Platform type="Platform" material="" x="-3.0454" y="-2.8524" rotation="0.0" scaleX="2.089" scaleY="0.763" />
    <Block type="SquareHole" material="wood" x="7.1046" y="-3.08" rotation="0" />
    <Block type="RectBig" material="wood" x="2.8403" y="-3.39" rotation="0" />
    <Block type="RectMedium" material="ice" x="-6.8961" y="-3.39" rotation="0" />
  </GameObjects>
</Level>
