<?xml version="1.0" encoding="utf-16"?>
<Level width="2">
  <Camera x="0" y="-1" minWidth="25" maxWidth="35" />
  <Score highScore="0" />
  <Birds>
    <Bird type="BirdRed"/>
  </Birds>
  <Slingshot x="-12.0" y="-2.5" />
  <GameObjects>
    <Pig type="BasicSmall" material="" x="-6.2338" y="3.6284" rotation="1.0769" />
    <Platform type="Platform" material="" x="-6.2415" y="3.1472" rotation="0.0" scaleX="2.089" scaleY="0.763" />
    <Block type="Circle" material="ice" x="3.5647" y="-3.1" rotation="0" />
    <Block type="RectFat" material="wood" x="-7.0067" y="-3.285" rotation="0" />
    <Block type="RectFat" material="stone" x="-2.5206" y="-3.285" rotation="0" />
  </GameObjects>
</Level>
