<?xml version="1.0" encoding="utf-16"?>
<Level width="2">
  <Camera x="0" y="-1" minWidth="25" maxWidth="35" />
  <Score highScore="0" />
  <Birds>
    <Bird type="BirdRed"/>
  </Birds>
  <Slingshot x="-12.0" y="-2.5" />
  <GameObjects>
    <Pig type="BasicSmall" material="" x="-4.3505" y="-0.2503" rotation="1.0769" />
    <Platform type="Platform" material="" x="-4.3582" y="-0.7315" rotation="0.0" scaleX="2.089" scaleY="0.763" />
    <Block type="SquareSmall" material="wood" x="-6.5682" y="-3.285" rotation="0" />
    <Block type="SquareHole" material="wood" x="-3.9801" y="-3.08" rotation="0" />
    <Block type="RectMedium" material="wood" x="-0.8173" y="-3.39" rotation="0" />
  </GameObjects>
</Level>
