<?xml version="1.0" encoding="utf-16"?>
<Level width="2">
  <Camera x="0" y="-1" minWidth="25" maxWidth="35" />
  <Score highScore="0" />
  <Birds>
    <Bird type="BirdRed"/>
  </Birds>
  <Slingshot x="-12.0" y="-2.5" />
  <GameObjects>
    <Pig type="BasicSmall" material="" x="-4.2439" y="3.3444" rotation="1.0769" />
    <Platform type="Platform" material="" x="-4.2517" y="2.8631" rotation="0.0" scaleX="2.089" scaleY="0.763" />
    <Block type="SquareTiny" material="ice" x="6.5084" y="-3.39" rotation="0" />
    <Block type="TriangleHole" material="ice" x="-9.6503" y="-3.09" rotation="0" />
    <Block type="CircleSmall" material="ice" x="-1.1397" y="-3.275" rotation="0" />
  </GameObjects>
</Level>
