<?xml version="1.0" encoding="utf-16"?>
<Level width="2">
  <Camera x="0" y="-1" minWidth="25" maxWidth="35" />
  <Score highScore="0" />
  <Birds>
    <Bird type="BirdRed"/>
  </Birds>
  <Slingshot x="-12.0" y="-2.5" />
  <GameObjects>
    <Pig type="BasicSmall" material="" x="2.023" y="2.3694" rotation="1.0769" />
    <Platform type="Platform" material="" x="2.0152" y="1.8882" rotation="0.0" scaleX="2.089" scaleY="0.763" />
    <Block type="Triangle" material="stone" x="-0.0293" y="-3.09" rotation="0" />
    <Block type="TriangleHole" material="wood" x="8.7562" y="-3.09" rotation="0" />
    <Block type="SquareSmall" material="stone" x="3.2367" y="-3.285" rotation="0" />
  </GameObjects>
</Level>
