<?xml version="1.0" encoding="utf-16"?>
<Level width="2">
  <Camera x="0" y="-1" minWidth="25" maxWidth="35" />
  <Score highScore="0" />
  <Birds>
    <Bird type="BirdRed"/>
  </Birds>
  <Slingshot x="-12.0" y="-2.5" />
  <GameObjects>
    <Pig type="BasicSmall" material="" x="5.6068" y="-0.4487" rotation="1.0769" />
    <Platform type="Platform" material="" x="5.5991" y="-0.9299" rotation="0.0" scaleX="2.089" scaleY="0.763" />
    <Block type="SquareHole" material="ice" x="-4.3618" y="-3.08" rotation="0" />
    <Block type="SquareHole" material="ice" x="0.6302" y="-3.08" rotation="0" />
    <Block type="SquareSmall" material="wood" x="-2.2386" y="-3.285" rotation="0" />
  </GameObjects>
</Level>
