<?xml version="1.0" encoding="utf-16"?>
<Level width="2">
  <Camera x="0" y="-1" minWidth="25" maxWidth="35" />
  <Score highScore="0" />
  <Birds>
    <Bird type="BirdRed"/>
  </Birds>
  <Slingshot x="-12.0" y="-2.5" />
  <GameObjects>
    <Pig type="BasicSmall" material="" x="3.1283" y="-1.5675" rotation="1.0769" />
    <Platform type="Platform" material="" x="3.1206" y="-2.0487" rotation="0.0" scaleX="2.089" scaleY="0.763" />
    <Block type="SquareSmall" material="ice" x="7.4538" y="-3.285" rotation="0" />
    <Block type="SquareSmall" material="stone" x="-4.9942" y="-3.285" rotation="0" />
    <Block type="TriangleHole" material="wood" x="5.4215" y="-3.09" rotation="0" />
  </GameObjects>
</Level>
