<?xml version="1.0" encoding="utf-16"?>
<Level width="2">
  <Camera x="0" y="-1" minWidth="25" maxWidth="35" />
  <Score highScore="0" />
  <Birds>
    <Bird type="BirdRed"/>
  </Birds>
  <Slingshot x="-12.0" y="-2.5" />
  <GameObjects>
    <Pig type="BasicSmall" material="" x="2.241" y="2.5412" rotation="1.0769" />
    <Platform type="Platform" material="" x="2.2333" y="2.06" rotation="0.0" scaleX="2.089" scaleY="0.763" />
    <Block type="SquareTiny" material="wood" x="7.6916" y="-3.39" rotation="0" />
    <Block type="RectMedium" material="ice" x="8.9589" y="-3.39" rotation="0" />
    <Block type="TriangleHole" material="stone" x="1.04" y="-3.09" rotation="0" />
  </GameObjects>
</Level>
