<?xml version="1.0" encoding="utf-16"?>
<Level width="2">
  <Camera x="0" y="-1" minWidth="25" maxWidth="35" />
  <Score highScore="0" />
  <Birds>
    <Bird type="BirdRed"/>
  </Birds>
  <Slingshot x="-12.0" y="-2.5" />
  <GameObjects>
    <Pig type="BasicSmall" material="" x="1.0763" y="-0.0097" rotation="1.0769" />
    <Platform type="Platform" material="" x="1.0686" y="-0.491" rotation="0.0" scaleX="2.089" scaleY="0.763" />
    <Platform type="Platform" material="" x="8.7587" y="-3.18" rotation="0" scaleX="1.0" scaleY="1.0" />
    <Block type="RectFat" material="stone" x="-4.7325" y="-3.285" rotation="0" />
    <Block type="TriangleHole" material="stone" x="-0.4556" y="-3.09" rotation="0" />
  </GameObjects>
</Level>
