<?xml version="1.0" encoding="utf-16"?>
<Level width="2">
  <Camera x="0" y="-1" minWidth="25" maxWidth="35" />
  <Score highScore="0" />
  <Birds>
    <Bird type="BirdRed"/>
  </Birds>
  <Slingshot x="-12.0" y="-2.5" />
  <GameObjects>
    <Pig type="BasicSmall" material="" x="1.6188" y="-1.8458" rotation="1.0769" />
    <Platform type="Platform" material="" x="1.611" y="-2.3271" rotation="0.0" scaleX="2.089" scaleY="0.763" />
    <Block type="RectTiny" material="ice" x="4.1104" y="-3.39" rotation="0" />
    <Platform type="Platform" material="" x="-9.5188" y="-3.18" rotation="0" scaleX="1.0" scaleY="1.0" />
    <Block type="RectBig" material="stone" x="9.0333" y="-3.39" rotation="0" />
  </GameObjects>
</Level>
