<?xml version="1.0" encoding="utf-16"?>
<Level width="2">
  <Camera x="0" y="-1" minWidth="25" maxWidth="35" />
  <Score highScore="0" />
  <Birds>
    <Bird type="BirdRed"/>
  </Birds>
  <Slingshot x="-12.0" y="-2.5" />
  <GameObjects>
    <Pig type="BasicSmall" material="" x="5.356" y="-2.8226" rotation="1.0769" />
    <Platform type="Platform" material="" x="5.3482" y="-3.3039" rotation="0.0" scaleX="2.089" scaleY="0.763" />
    <Block type="Triangle" material="stone" x="-1.3534" y="-3.09" rotation="0" />
    <Block type="SquareHole" material="wood" x="-6.6729" y="-3.08" rotation="0" />
    <Block type="SquareSmall" material="stone" x="-3.6829" y="-3.285" rotation="0" />
  </GameObjects>
</Level>
