<?xml version="1.0" encoding="utf-16"?>
<Level width="2">
  <Camera x="0" y="-1" minWidth="25" maxWidth="35" />
  <Score highScore="0" />
  <Birds>
    <Bird type="BirdRed"/>
  </Birds>
  <Slingshot x="-12.0" y="-2.5" />
  <GameObjects>
    <Pig type="BasicSmall" material="" x="-6.4983" y="2.3192" rotation="1.0769" />
    <Platform type="Platform" material="" x="-6.506" y="1.838" rotation="0.0" scaleX="2.089" scaleY="0.763" />
    <Block type="Triangle" material="ice" x="-6.3265" y="-3.09" rotation="0" />
    <Block type="SquareSmall" material="stone" x="5.7852" y="-3.285" rotation="0" />
    <Block type="RectTiny" material="wood" x="4.0166" y="-3.39" rotation="0" />
  </GameObjects>
</Level>
