<?xml version="1.0" encoding="utf-16"?>
<Level width="2">
  <Camera x="0" y="-1" minWidth="25" maxWidth="35" />
  <Score highScore="0" />
  <Birds>
    <Bird type="BirdRed"/>
  </Birds>
  <Slingshot x="-12.0" y="-2.5" />
  <GameObjects>
    <Pig type="BasicSmall" material="" x="3.4406" y="0.6523" rotation="1.0769" />
    <Platform type="Platform" material="" x="3.4329" y="0.1711" rotation="0.0" scaleX="2.089" scaleY="0.763" />
    <Block type="SquareTiny" material="wood" x="0.3242" y="-3.39" rotation="0" />
    <Platform type="Platform" material="" x="8.4098" y="-3.18" rotation="0" scaleX="1.0" scaleY="1.0" />
    <Block type="SquareTiny" material="ice" x="-2.2759" y="-3.39" rotation="0" />
  </GameObjects>
</Level>
