<?xml version="1.0" encoding="utf-16"?>
<Level width="2">
  <Camera x="0" y="-1" minWidth="25" maxWidth="35" />
  <Score highScore="0" />
  <Birds>
    <Bird type="BirdRed"/>
  </Birds>
  <Slingshot x="-12.0" y="-2.5" />
  <GameObjects>
    <Pig type="BasicSmall" material="" x="3.4977" y="-2.1487" rotation="1.0769" />
    <Platform type="Platform" material="" x="3.4899" y="-2.63" rotation="0.0" scaleX="2.089" scaleY="0.763" />
    <Block type="Circle" material="ice" x="-5.0482" y="-3.1" rotation="0" />
    <Block type="SquareHole" material="ice" x="5.4826" y="-3.08" rotation="0" />
    <Block type="Triangle" material="wood" x="-2.7012" y="-3.09" rotation="0" />
  </GameObjects>
</Level>
