<?xml version="1.0" encoding="utf-16"?>
<Level width="2">
  <Camera x="0" y="-1" minWidth="25" maxWidth="35" />
  <Score highScore="0" />
  <Birds>
    <Bird type="BirdRed"/>
  </Birds>
  <Slingshot x="-12.0" y="-2.5" />
  <GameObjects>
    <Pig type="BasicSmall" material="" x="1.8804" y="2.6902" rotation="1.0769" />
    <Platform type="Platform" material="" x="1.8726" y="2.209" rotation="0.0" scaleX="2.089" scaleY="0.763" />
    <Block type="Triangle" material="stone" x="-3.6404" y="-3.09" rotation="0" />
    <Block type="TriangleHole" material="ice" x="8.7773" y="-3.09" rotation="0" />
    <Block type="CircleSmall" material="stone" x="-8.912" y="-3.275" rotation="0" />
  </GameObjects>
</Level>
