<?xml version="1.0" encoding="utf-16"?>
<Level width="2">
  <Camera x="0" y="-1" minWidth="25" maxWidth="35" />
  <Score highScore="0" />
  <Birds>
    <Bird type="BirdRed"/>
  </Birds>
  <Slingshot x="-12.0" y="-2.5" />
  <GameObjects>
    <Pig type="BasicSmall" material="" x="1.0886" y="-2.6197" rotation="1.0769" />
    <Platform type="Platform" material="" x="1.0809" y="-3.101" rotation="0.0" scaleX="2.089" scaleY="0.763" />
    <Block type="RectTiny" material="wood" x="-3.0393" y="-3.39" rotation="0" />
    <Block type="Circle" material="stone" x="5.0134" y="-3.1" rotation="0" />
    <Block type="RectSmall" material="wood" x="-0.7737" y="-3.39" rotation="0" />
  </GameObjects>
</Level>
