<?xml version="1.0" encoding="utf-16"?>
<Level width="2">
  <Camera x="0" y="-1" minWidth="25" maxWidth="35" />
  <Score highScore="0" />
  <Birds>
    <Bird type="BirdRed"/>
  </Birds>
  <Slingshot x="-12.0" y="-2.5" />
  <GameObjects>
    <Pig type="BasicSmall" material="" x="-3.2111" y="-1.301" rotation="1.0769" />
    <Platform type="Platform" material="" x="-3.2189" y="-1.7823" rotation="0.0" scaleX="2.089" scaleY="0.763" />
    <Platform type="Platform" material="" x="-8.5392" y="-3.18" rotation="0" scaleX="1.0" scaleY="1.0" />
    <Block type="SquareTiny" material="stone" x="-5.968" y="-3.39" rotation="0" />
    <Block type="RectTiny" material="wood" x="-3.5092" y="-3.39" rotation="0" />
  </GameObjects>
</Level>
