<?xml version="1.0" encoding="utf-16"?>
<Level width="2">
  <Camera x="0" y="-1" minWidth="25" maxWidth="35" />
  <Score highScore="0" />
  <Birds>
    <Bird type="BirdRed"/>
  </Birds>
  <Slingshot x="-12.0" y="-2.5" />
  <GameObjects>
    <Pig type="BasicSmall" material="" x="-5.329" y="2.5369" rotation="1.0769" />
    <Platform type="Platform" material="" x="-5.3367" y="2.0556" rotation="0.0" scaleX="2.089" scaleY="0.763" />
    <Block type="Triangle" material="stone" x="9.2953" y="-3.09" rotation="0" />
    <Block type="RectTiny" material="wood" x="-3.6165" y="-3.39" rotation="0" />
    <Block type="CircleSmall" material="ice" x="-5.0309" y="-3.275" rotation="0" />
  </GameObjects>
</Level>
