<?xml version="1.0" encoding="utf-16"?>
<Level width="2">
  <Camera x="0" y="-1" minWidth="25" maxWidth="35" />
  <Score highScore="0" />
  <Birds>
    <Bird type="BirdRed"/>
  </Birds>
  <Slingshot x="-12.0" y="-2.5" />
  <GameObjects>
    <Pig type="BasicSmall" material="" x="-4.3005" y="-1.1292" rotation="1.0769" />
    <Platform type="Platform" material="" x="-4.3082" y="-1.6105" rotation="0.0" scaleX="2.089" scaleY="0.763" />
    <Block type="CircleSmall" material="stone" x="3.6044" y="-3.275" rotation="0" />
    <Block type="SquareSmall" material="stone" x="-8.0179" y="-3.285" rotation="0" />
    <Block type="Circle" material="stone" x="-4.1485" y="-3.1" rotation="0" />
  </GameObjects>
</Level>
