<?xml version="1.0" encoding="utf-16"?>
<Level width="2">
  <Camera x="0" y="-1" minWidth="25" maxWidth="35" />
  <Score highScore="0" />
  <Birds>
    <Bird type="BirdRed"/>
  </Birds>
  <Slingshot x="-12.0" y="-2.5" />
  <GameObjects>
    <Pig type="BasicSmall" material="" x="-1.124" y="-0.8831" rotation="1.1537" />
    <Block type="CircleSmall" material="wood" x="-1.304" y="2.9677" rotation="0.0075" />
    <Block type="CircleSmall" material="stone" x="-0.254" y="2.9678" rotation="0.0339" />
    <Block type="CircleSmall" material="ice" x="-2.344" y="2.9678" rotation="0.0339" />
    <Platform type="Platform" material="" x="-1.231" y="-1.2773" rotation="0.0" scaleX="2.791" scaleY="0.4938" />
    <Platform type="Platform" material="" x="-1.209" y="2.5847" rotation="0.0" scaleX="4.6864" scaleY="0.4938" />
    <Platform type="Platform" material="" x="-1.994" y="-0.7423" rotation="90.0" scaleX="2.1128" scaleY="0.4938" />
    <Platform type="Platform" material="" x="-0.264" y="-0.7453" rotation="90.0" scaleX="2.1128" scaleY="0.4938" />
    <Block type="TriangleHole" material="ice" x="6.3222" y="-3.09" rotation="0" />
    <Block type="RectMedium" material="ice" x="-7.8275" y="-3.39" rotation="0" />
    <Block type="RectTiny" material="stone" x="0.9211" y="-3.39" rotation="0" />
  </GameObjects>
</Level>
