<?xml version="1.0" encoding="utf-16"?>
<Level width="2">
  <Camera x="0" y="-1" minWidth="25" maxWidth="35" />
  <Score highScore="0" />
  <Birds>
    <Bird type="BirdRed"/>
  </Birds>
  <Slingshot x="-12.0" y="-2.5" />
  <GameObjects>
    <Pig type="BasicSmall" material="" x="0.3608" y="-0.9958" rotation="1.1537" />
    <Block type="CircleSmall" material="wood" x="0.1807" y="2.8551" rotation="0.0075" />
    <Block type="CircleSmall" material="stone" x="1.2307" y="2.8551" rotation="0.0339" />
    <Block type="CircleSmall" material="ice" x="-0.8593" y="2.8551" rotation="0.0339" />
    <Platform type="Platform" material="" x="0.2537" y="-1.39" rotation="0.0" scaleX="2.791" scaleY="0.4938" />
    <Platform type="Platform" material="" x="0.2757" y="2.472" rotation="0.0" scaleX="4.6864" scaleY="0.4938" />
    <Platform type="Platform" material="" x="-0.5093" y="-0.855" rotation="90.0" scaleX="2.1128" scaleY="0.4938" />
    <Platform type="Platform" material="" x="1.2207" y="-0.858" rotation="90.0" scaleX="2.1128" scaleY="0.4938" />
    <Block type="RectSmall" material="wood" x="1.8017" y="-3.39" rotation="0" />
    <Block type="RectMedium" material="ice" x="-8.4713" y="-3.39" rotation="0" />
    <Block type="SquareSmall" material="wood" x="5.3517" y="-3.285" rotation="0" />
  </GameObjects>
</Level>
