<?xml version="1.0" encoding="utf-16"?>
<Level width="2">
  <Camera x="0" y="-1" minWidth="25" maxWidth="35" />
  <Score highScore="0" />
  <Birds>
    <Bird type="BirdRed"/>
  </Birds>
  <Slingshot x="-12.0" y="-2.5" />
  <GameObjects>
    <Pig type="BasicSmall" material="" x="-1.3919" y="-1.3969" rotation="1.1537" />
    <Block type="CircleSmall" material="wood" x="-1.5719" y="2.454" rotation="0.0075" />
    <Block type="CircleSmall" material="stone" x="-0.5219" y="2.4541" rotation="0.0339" />
    <Block type="CircleSmall" material="ice" x="-2.6119" y="2.4541" rotation="0.0339" />
    <Platform type="Platform" material="" x="-1.4989" y="-1.791" rotation="0.0" scaleX="2.791" scaleY="0.4938" />
    <Platform type="Platform" material="" x="-1.4769" y="2.071" rotation="0.0" scaleX="4.6864" scaleY="0.4938" />
    <Platform type="Platform" material="" x="-2.2619" y="-1.256" rotation="90.0" scaleX="2.1128" scaleY="0.4938" />
    <Platform type="Platform" material="" x="-0.5319" y="-1.259" rotation="90.0" scaleX="2.1128" scaleY="0.4938" />
    <Block type="SquareHole" material="ice" x="-0.8467" y="-3.08" rotation="0" />
    <Block type="CircleSmall" material="stone" x="7.0319" y="-3.275" rotation="0" />
    <Block type="RectBig" material="stone" x="-5.4892" y="-3.39" rotation="0" />
  </GameObjects>
</Level>
