<?xml version="1.0" encoding="utf-16"?>
<Level width="2">
  <Camera x="0" y="-1" minWidth="25" maxWidth="35" />
  <Score highScore="0" />
  <Birds>
    <Bird type="BirdRed"/>
  </Birds>
  <Slingshot x="-12.0" y="-2.5" />
  <GameObjects>
    <Pig type="BasicSmall" material="" x="-0.8571" y="-2.1803" rotation="1.1537" />
    <Block type="CircleSmall" material="wood" x="-1.0372" y="1.6706" rotation="0.0075" />
    <Block type="CircleSmall" material="stone" x="0.0128" y="1.6707" rotation="0.0339" />
    <Block type="CircleSmall" material="ice" x="-2.0772" y="1.6707" rotation="0.0339" />
    <Platform type="Platform" material="" x="-0.9642" y="-2.5744" rotation="0.0" scaleX="2.791" scaleY="0.4938" />
    <Platform type="Platform" material="" x="-0.9422" y="1.2876" rotation="0.0" scaleX="4.6864" scaleY="0.4938" />
    <Platform type="Platform" material="" x="-1.7272" y="-2.0394" rotation="90.0" scaleX="2.1128" scaleY="0.4938" />
    <Platform type="Platform" material="" x="0.0028" y="-2.0424" rotation="90.0" scaleX="2.1128" scaleY="0.4938" />
    <Block type="CircleSmall" material="ice" x="-3.313" y="-3.275" rotation="0" />
    <Block type="CircleSmall" material="wood" x="4.4042" y="-3.275" rotation="0" />
    <Block type="RectTiny" material="wood" x="-4.691" y="-3.39" rotation="0" />
  </GameObjects>
</Level>
