<?xml version="1.0" encoding="utf-16"?>
<Level width="2">
  <Camera x="0" y="-1" minWidth="25" maxWidth="35" />
  <Score highScore="0" />
  <Birds>
    <Bird type="BirdRed"/>
  </Birds>
  <Slingshot x="-12.0" y="-2.5" />
  <GameObjects>
    <Pig type="BasicSmall" material="" x="-0.1646" y="-0.7872" rotation="1.1537" />
    <Block type="CircleSmall" material="wood" x="-0.3446" y="3.0637" rotation="0.0075" />
    <Block type="CircleSmall" material="stone" x="0.7054" y="3.0638" rotation="0.0339" />
    <Block type="CircleSmall" material="ice" x="-1.3846" y="3.0638" rotation="0.0339" />
    <Platform type="Platform" material="" x="-0.2716" y="-1.1813" rotation="0.0" scaleX="2.791" scaleY="0.4938" />
    <Platform type="Platform" material="" x="-0.2496" y="2.6807" rotation="0.0" scaleX="4.6864" scaleY="0.4938" />
    <Platform type="Platform" material="" x="-1.0346" y="-0.6463" rotation="90.0" scaleX="2.1128" scaleY="0.4938" />
    <Platform type="Platform" material="" x="0.6954" y="-0.6493" rotation="90.0" scaleX="2.1128" scaleY="0.4938" />
    <Block type="CircleSmall" material="wood" x="2.2599" y="-3.275" rotation="0" />
    <Platform type="Platform" material="" x="-3.857" y="-3.18" rotation="0" scaleX="1.0" scaleY="1.0" />
    <Block type="SquareSmall" material="stone" x="-5.8493" y="-3.285" rotation="0" />
  </GameObjects>
</Level>
