<?xml version="1.0" encoding="utf-16"?>
<Level width="2">
  <Camera x="0" y="-1" minWidth="25" maxWidth="35" />
  <Score highScore="0" />
  <Birds>
    <Bird type="BirdRed"/>
  </Birds>
  <Slingshot x="-12.0" y="-2.5" />
  <GameObjects>
    <Pig type="BasicSmall" material="" x="0.8348" y="-2.1599" rotation="1.1537" />
    <Block type="CircleSmall" material="wood" x="0.6548" y="1.6909" rotation="0.0075" />
    <Block type="CircleSmall" material="stone" x="1.7048" y="1.691" rotation="0.0339" />
    <Block type="CircleSmall" material="ice" x="-0.3852" y="1.691" rotation="0.0339" />
    <Platform type="Platform" material="" x="0.7278" y="-2.5541" rotation="0.0" scaleX="2.791" scaleY="0.4938" />
    <Platform type="Platform" material="" x="0.7498" y="1.3079" rotation="0.0" scaleX="4.6864" scaleY="0.4938" />
    <Platform type="Platform" material="" x="-0.0352" y="-2.0191" rotation="90.0" scaleX="2.1128" scaleY="0.4938" />
    <Platform type="Platform" material="" x="1.6948" y="-2.0221" rotation="90.0" scaleX="2.1128" scaleY="0.4938" />
    <Block type="RectTiny" material="ice" x="-7.2538" y="-3.39" rotation="0" />
    <Platform type="Platform" material="" x="8.8124" y="-3.18" rotation="0" scaleX="1.0" scaleY="1.0" />
    <Block type="Circle" material="ice" x="-1.9231" y="-3.1" rotation="0" />
  </GameObjects>
</Level>
