<?xml version="1.0" encoding="utf-16"?>
<Level width="2">
  <Camera x="0" y="-1" minWidth="25" maxWidth="35" />
  <Score highScore="0" />
  <Birds>
    <Bird type="BirdRed"/>
  </Birds>
  <Slingshot x="-12.0" y="-2.5" />
  <GameObjects>
    <Pig type="BasicSmall" material="" x="0.3181" y="-1.9062" rotation="1.1537" />
    <Block type="CircleSmall" material="wood" x="0.1381" y="1.9447" rotation="0.0075" />
    <Block type="CircleSmall" material="stone" x="1.1881" y="1.9447" rotation="0.0339" />
    <Block type="CircleSmall" material="ice" x="-0.9019" y="1.9447" rotation="0.0339" />
    <Platform type="Platform" material="" x="0.2111" y="-2.3003" rotation="0.0" scaleX="2.791" scaleY="0.4938" />
    <Platform type="Platform" material="" x="0.2331" y="1.5617" rotation="0.0" scaleX="4.6864" scaleY="0.4938" />
    <Platform type="Platform" material="" x="-0.5519" y="-1.7653" rotation="90.0" scaleX="2.1128" scaleY="0.4938" />
    <Platform type="Platform" material="" x="1.1781" y="-1.7683" rotation="90.0" scaleX="2.1128" scaleY="0.4938" />
    <Block type="TriangleHole" material="ice" x="-5.6363" y="-3.09" rotation="0" />
    <Block type="SquareSmall" material="wood" x="5.1158" y="-3.285" rotation="0" />
    <Block type="SquareSmall" material="stone" x="-9.2676" y="-3.285" rotation="0" />
  </GameObjects>
</Level>
