<?xml version="1.0" encoding="utf-16"?>
<Level width="2">
  <Camera x="0" y="-1" minWidth="25" maxWidth="35" />
  <Score highScore="0" />
  <Birds>
    <Bird type="BirdRed"/>
  </Birds>
  <Slingshot x="-12.0" y="-2.5" />
  <GameObjects>
    <Pig type="BasicSmall" material="" x="-3.1746" y="-0.1886" rotation="1.1537" />
    <Block type="CircleSmall" material="wood" x="-3.3546" y="3.6622" rotation="0.0075" />
    <Block type="CircleSmall" material="stone" x="-2.3047" y="3.6623" rotation="0.0339" />
    <Block type="CircleSmall" material="ice" x="-4.3947" y="3.6623" rotation="0.0339" />
    <Platform type="Platform" material="" x="-3.2816" y="-0.5828" rotation="0.0" scaleX="2.791" scaleY="0.4938" />
    <Platform type="Platform" material="" x="-3.2597" y="3.2792" rotation="0.0" scaleX="4.6864" scaleY="0.4938" />
    <Platform type="Platform" material="" x="-4.0446" y="-0.0478" rotation="90.0" scaleX="2.1128" scaleY="0.4938" />
    <Platform type="Platform" material="" x="-2.3146" y="-0.0508" rotation="90.0" scaleX="2.1128" scaleY="0.4938" />
    <Block type="TriangleHole" material="wood" x="-9.1803" y="-3.09" rotation="0" />
    <Block type="RectTiny" material="ice" x="-6.839" y="-3.39" rotation="0" />
    <Block type="SquareHole" material="stone" x="8.3018" y="-3.08" rotation="0" />
  </GameObjects>
</Level>
