<?xml version="1.0" encoding="utf-16"?>
<Level width="2">
  <Camera x="0" y="-1" minWidth="25" maxWidth="35" />
  <Score highScore="0" />
  <Birds>
    <Bird type="BirdRed"/>
  </Birds>
  <Slingshot x="-12.0" y="-2.5" />
  <GameObjects>
    <Pig type="BasicSmall" material="" x="-2.7569" y="-1.7567" rotation="1.1537" />
    <Block type="CircleSmall" material="wood" x="-2.9369" y="2.0942" rotation="0.0075" />
    <Block type="CircleSmall" material="stone" x="-1.8869" y="2.0942" rotation="0.0339" />
    <Block type="CircleSmall" material="ice" x="-3.9769" y="2.0942" rotation="0.0339" />
    <Platform type="Platform" material="" x="-2.8639" y="-2.1509" rotation="0.0" scaleX="2.791" scaleY="0.4938" />
    <Platform type="Platform" material="" x="-2.8419" y="1.7111" rotation="0.0" scaleX="4.6864" scaleY="0.4938" />
    <Platform type="Platform" material="" x="-3.6269" y="-1.6159" rotation="90.0" scaleX="2.1128" scaleY="0.4938" />
    <Platform type="Platform" material="" x="-1.8969" y="-1.6189" rotation="90.0" scaleX="2.1128" scaleY="0.4938" />
    <Block type="CircleSmall" material="ice" x="1.6065" y="-3.275" rotation="0" />
    <Block type="SquareSmall" material="ice" x="-1.2812" y="-3.285" rotation="0" />
    <Block type="RectFat" material="ice" x="-3.433" y="-3.285" rotation="0" />
  </GameObjects>
</Level>
