<?xml version="1.0" encoding="utf-16"?>
<Level width="2">
  <Camera x="0" y="-1" minWidth="25" maxWidth="35" />
  <Score highScore="0" />
  <Birds>
    <Bird type="BirdRed"/>
  </Birds>
  <Slingshot x="-12.0" y="-2.5" />
  <GameObjects>
    <Pig type="BasicSmall" material="" x="-1.4491" y="-2.2227" rotation="1.1537" />
    <Block type="CircleSmall" material="wood" x="-1.6291" y="1.6282" rotation="0.0075" />
    <Block type="CircleSmall" material="stone" x="-0.5791" y="1.6283" rotation="0.0339" />
    <Block type="CircleSmall" material="ice" x="-2.6691" y="1.6283" rotation="0.0339" />
    <Platform type="Platform" material="" x="-1.5561" y="-2.6168" rotation="0.0" scaleX="2.791" scaleY="0.4938" />
    <Platform type="Platform" material="" x="-1.5341" y="1.2452" rotation="0.0" scaleX="4.6864" scaleY="0.4938" />
    <Platform type="Platform" material="" x="-2.3191" y="-2.0818" rotation="90.0" scaleX="2.1128" scaleY="0.4938" />
    <Platform type="Platform" material="" x="-0.5891" y="-2.0848" rotation="90.0" scaleX="2.1128" scaleY="0.4938" />
    <Block type="SquareHole" material="stone" x="-8.3801" y="-3.08" rotation="0" />
    <Block type="RectFat" material="stone" x="-6.7849" y="-3.285" rotation="0" />
    <Block type="RectMedium" material="ice" x="7.0954" y="-3.39" rotation="0" />
  </GameObjects>
</Level>
