<?xml version="1.0" encoding="utf-16"?>
<Level width="2">
  <Camera x="0" y="-1" minWidth="25" maxWidth="35" />
  <Score highScore="0" />
  <Birds>
    <Bird type="BirdRed"/>
  </Birds>
  <Slingshot x="-12.0" y="-2.5" />
  <GameObjects>
    <Pig type="BasicSmall" material="" x="-4.8445" y="-0.5474" rotation="1.1537" />
    <Block type="CircleSmall" material="wood" x="-5.0245" y="3.3035" rotation="0.0075" />
    <Block type="CircleSmall" material="stone" x="-3.9746" y="3.3036" rotation="0.0339" />
    <Block type="CircleSmall" material="ice" x="-6.0646" y="3.3036" rotation="0.0339" />
    <Platform type="Platform" material="" x="-4.9515" y="-0.9415" rotation="0.0" scaleX="2.791" scaleY="0.4938" />
    <Platform type="Platform" material="" x="-4.9295" y="2.9205" rotation="0.0" scaleX="4.6864" scaleY="0.4938" />
    <Platform type="Platform" material="" x="-5.7145" y="-0.4065" rotation="90.0" scaleX="2.1128" scaleY="0.4938" />
    <Platform type="Platform" material="" x="-3.9845" y="-0.4095" rotation="90.0" scaleX="2.1128" scaleY="0.4938" />
    <Block type="CircleSmall" material="wood" x="-7.2664" y="-3.275" rotation="0" />
    <Block type="TriangleHole" material="ice" x="7.8862" y="-3.09" rotation="0" />
    <Block type="CircleSmall" material="ice" x="-1.64" y="-3.275" rotation="0" />
  </GameObjects>
</Level>
