<?xml version="1.0" encoding="utf-16"?>
<Level width="2">
  <Camera x="0" y="-1" minWidth="25" maxWidth="35" />
  <Score highScore="0" />
  <Birds>
    <Bird type="BirdRed"/>
  </Birds>
  <Slingshot x="-12.0" y="-2.5" />
  <GameObjects>
    <Pig type="BasicSmall" material="" x="-4.9802" y="-1.9054" rotation="1.1537" />
    <Block type="CircleSmall" material="wood" x="-5.1603" y="1.9455" rotation="0.0075" />
    <Block type="CircleSmall" material="stone" x="-4.1103" y="1.9455" rotation="0.0339" />
    <Block type="CircleSmall" material="ice" x="-6.2003" y="1.9455" rotation="0.0339" />
    <Platform type="Platform" material="" x="-5.0873" y="-2.2995" rotation="0.0" scaleX="2.791" scaleY="0.4938" />
    <Platform type="Platform" material="" x="-5.0653" y="1.5625" rotation="0.0" scaleX="4.6864" scaleY="0.4938" />
    <Platform type="Platform" material="" x="-5.8503" y="-1.7645" rotation="90.0" scaleX="2.1128" scaleY="0.4938" />
    <Platform type="Platform" material="" x="-4.1203" y="-1.7675" rotation="90.0" scaleX="2.1128" scaleY="0.4938" />
    <Block type="SquareSmall" material="ice" x="-7.5503" y="-3.285" rotation="0" />
    <Block type="SquareTiny" material="stone" x="7.8723" y="-3.39" rotation="0" />
    <Block type="SquareHole" material="stone" x="2.706" y="-3.08" rotation="0" />
  </GameObjects>
</Level>
