<?xml version="1.0" encoding="utf-16"?>
<Level width="2">
  <Camera x="0" y="-1" minWidth="25" maxWidth="35" />
  <Score highScore="0" />
  <Birds>
    <Bird type="BirdRed"/>
  </Birds>
  <Slingshot x="-12.0" y="-2.5" />
  <GameObjects>
    <Pig type="BasicSmall" material="" x="-0.8969" y="-0.3508" rotation="1.1537" />
    <Block type="CircleSmall" material="wood" x="-1.0769" y="3.5001" rotation="0.0075" />
    <Block type="CircleSmall" material="stone" x="-0.0269" y="3.5001" rotation="0.0339" />
    <Block type="CircleSmall" material="ice" x="-2.1169" y="3.5001" rotation="0.0339" />
    <Platform type="Platform" material="" x="-1.0039" y="-0.745" rotation="0.0" scaleX="2.791" scaleY="0.4938" />
    <Platform type="Platform" material="" x="-0.9819" y="3.117" rotation="0.0" scaleX="4.6864" scaleY="0.4938" />
    <Platform type="Platform" material="" x="-1.7669" y="-0.21" rotation="90.0" scaleX="2.1128" scaleY="0.4938" />
    <Platform type="Platform" material="" x="-0.0369" y="-0.213" rotation="90.0" scaleX="2.1128" scaleY="0.4938" />
    <Block type="SquareTiny" material="stone" x="-6.729" y="-3.39" rotation="0" />
    <Block type="RectBig" material="wood" x="-4.6037" y="-3.39" rotation="0" />
    <Block type="SquareSmall" material="stone" x="-1.4606" y="-3.285" rotation="0" />
  </GameObjects>
</Level>
