<?xml version="1.0" encoding="utf-16"?>
<Level width="2">
  <Camera x="0" y="-1" minWidth="25" maxWidth="35" />
  <Score highScore="0" />
  <Birds>
    <Bird type="BirdRed"/>
  </Birds>
  <Slingshot x="-12.0" y="-2.5" />
  <GameObjects>
    <Pig type="BasicSmall" material="" x="-4.7885" y="-1.4263" rotation="1.1537" />
    <Block type="CircleSmall" material="wood" x="-4.9685" y="2.4246" rotation="0.0075" />
    <Block type="CircleSmall" material="stone" x="-3.9186" y="2.4247" rotation="0.0339" />
    <Block type="CircleSmall" material="ice" x="-6.0085" y="2.4247" rotation="0.0339" />
    <Platform type="Platform" material="" x="-4.8955" y="-1.8204" rotation="0.0" scaleX="2.791" scaleY="0.4938" />
    <Platform type="Platform" material="" x="-4.8735" y="2.0416" rotation="0.0" scaleX="4.6864" scaleY="0.4938" />
    <Platform type="Platform" material="" x="-5.6585" y="-1.2854" rotation="90.0" scaleX="2.1128" scaleY="0.4938" />
    <Platform type="Platform" material="" x="-3.9285" y="-1.2884" rotation="90.0" scaleX="2.1128" scaleY="0.4938" />
    <Block type="Triangle" material="ice" x="4.8303" y="-3.09" rotation="0" />
    <Block type="SquareTiny" material="wood" x="-0.6095" y="-3.39" rotation="0" />
    <Block type="RectMedium" material="ice" x="-7.8039" y="-3.39" rotation="0" />
  </GameObjects>
</Level>
