<?xml version="1.0" encoding="utf-16"?>
<Level width="2">
  <Camera x="0" y="-1" minWidth="25" maxWidth="35" />
  <Score highScore="0" />
  <Birds>
    <Bird type="BirdRed"/>
  </Birds>
  <Slingshot x="-12.0" y="-2.5" />
  <GameObjects>
    <Pig type="BasicSmall" material="" x="-4.4533" y="-1.3795" rotation="1.1537" />
    <Block type="CircleSmall" material="wood" x="-4.6333" y="2.4714" rotation="0.0075" />
    <Block type="CircleSmall" material="stone" x="-3.5833" y="2.4714" rotation="0.0339" />
    <Block type="CircleSmall" material="ice" x="-5.6733" y="2.4714" rotation="0.0339" />
    <Platform type="Platform" material="" x="-4.5603" y="-1.7736" rotation="0.0" scaleX="2.791" scaleY="0.4938" />
    <Platform type="Platform" material="" x="-4.5383" y="2.0883" rotation="0.0" scaleX="4.6864" scaleY="0.4938" />
    <Platform type="Platform" material="" x="-5.3233" y="-1.2387" rotation="90.0" scaleX="2.1128" scaleY="0.4938" />
    <Platform type="Platform" material="" x="-3.5933" y="-1.2416" rotation="90.0" scaleX="2.1128" scaleY="0.4938" />
    <Block type="CircleSmall" material="ice" x="6.8544" y="-3.275" rotation="0" />
    <Block type="TriangleHole" material="ice" x="9.0532" y="-3.09" rotation="0" />
    <Block type="Circle" material="ice" x="-7.5231" y="-3.1" rotation="0" />
  </GameObjects>
</Level>
