<?xml version="1.0" encoding="utf-16"?>
<Level width="2">
  <Camera x="0" y="-1" minWidth="25" maxWidth="35" />
  <Score highScore="0" />
  <Birds>
    <Bird type="BirdRed"/>
  </Birds>
  <Slingshot x="-12.0" y="-2.5" />
  <GameObjects>
    <Pig type="BasicSmall" material="" x="-1.4664" y="-0.9161" rotation="1.1537" />
    <Block type="CircleSmall" material="wood" x="-1.6464" y="2.9348" rotation="0.0075" />
    <Block type="CircleSmall" material="stone" x="-0.5964" y="2.9349" rotation="0.0339" />
    <Block type="CircleSmall" material="ice" x="-2.6864" y="2.9349" rotation="0.0339" />
    <Platform type="Platform" material="" x="-1.5734" y="-1.3102" rotation="0.0" scaleX="2.791" scaleY="0.4938" />
    <Platform type="Platform" material="" x="-1.5514" y="2.5518" rotation="0.0" scaleX="4.6864" scaleY="0.4938" />
    <Platform type="Platform" material="" x="-2.3364" y="-0.7752" rotation="90.0" scaleX="2.1128" scaleY="0.4938" />
    <Platform type="Platform" material="" x="-0.6064" y="-0.7782" rotation="90.0" scaleX="2.1128" scaleY="0.4938" />
    <Block type="TriangleHole" material="stone" x="3.3312" y="-3.09" rotation="0" />
    <Platform type="Platform" material="" x="-7.0908" y="-3.18" rotation="0" scaleX="1.0" scaleY="1.0" />
    <Block type="CircleSmall" material="wood" x="-4.0037" y="-3.275" rotation="0" />
  </GameObjects>
</Level>
