<?xml version="1.0" encoding="utf-16"?>
<Level width="2">
  <Camera x="0" y="-1" minWidth="25" maxWidth="35" />
  <Score highScore="0" />
  <Birds>
    <Bird type="BirdRed"/>
  </Birds>
  <Slingshot x="-12.0" y="-2.5" />
  <GameObjects>
    <Pig type="BasicSmall" material="" x="-4.381" y="-2.2471" rotation="1.1537" />
    <Block type="CircleSmall" material="wood" x="-4.561" y="1.6037" rotation="0.0075" />
    <Block type="CircleSmall" material="stone" x="-3.511" y="1.6038" rotation="0.0339" />
    <Block type="CircleSmall" material="ice" x="-5.601" y="1.6038" rotation="0.0339" />
    <Platform type="Platform" material="" x="-4.488" y="-2.6413" rotation="0.0" scaleX="2.791" scaleY="0.4938" />
    <Platform type="Platform" material="" x="-4.466" y="1.2207" rotation="0.0" scaleX="4.6864" scaleY="0.4938" />
    <Platform type="Platform" material="" x="-5.251" y="-2.1063" rotation="90.0" scaleX="2.1128" scaleY="0.4938" />
    <Platform type="Platform" material="" x="-3.521" y="-2.1093" rotation="90.0" scaleX="2.1128" scaleY="0.4938" />
    <Block type="RectMedium" material="stone" x="-0.8497" y="-3.39" rotation="0" />
    <Block type="RectFat" material="ice" x="5.2372" y="-3.285" rotation="0" />
    <Block type="RectMedium" material="ice" x="-8.3878" y="-3.39" rotation="0" />
  </GameObjects>
</Level>
