<?xml version="1.0" encoding="utf-16"?>
<Level width="2">
  <Camera x="0" y="-1" minWidth="25" maxWidth="35" />
  <Score highScore="0" />
  <Birds>
    <Bird type="BirdRed"/>
  </Birds>
  <Slingshot x="-12.0" y="-2.5" />
  <GameObjects>
    <Pig type="BasicSmall" material="" x="-4.5973" y="-1.1316" rotation="1.1537" />
    <Block type="CircleSmall" material="wood" x="-4.7773" y="2.7193" rotation="0.0075" />
    <Block type="CircleSmall" material="stone" x="-3.7273" y="2.7194" rotation="0.0339" />
    <Block type="CircleSmall" material="ice" x="-5.8173" y="2.7194" rotation="0.0339" />
    <Platform type="Platform" material="" x="-4.7043" y="-1.5257" rotation="0.0" scaleX="2.791" scaleY="0.4938" />
    <Platform type="Platform" material="" x="-4.6823" y="2.3363" rotation="0.0" scaleX="4.6864" scaleY="0.4938" />
    <Platform type="Platform" material="" x="-5.4673" y="-0.9907" rotation="90.0" scaleX="2.1128" scaleY="0.4938" />
    <Platform type="Platform" material="" x="-3.7373" y="-0.9937" rotation="90.0" scaleX="2.1128" scaleY="0.4938" />
    <Block type="SquareHole" material="wood" x="0.6411" y="-3.08" rotation="0" />
    <Block type="CircleSmall" material="wood" x="-1.635" y="-3.275" rotation="0" />
    <Block type="Circle" material="stone" x="7.3426" y="-3.1" rotation="0" />
  </GameObjects>
</Level>
