<?xml version="1.0" encoding="utf-16"?>
<Level width="2">
  <Camera x="0" y="-1" minWidth="25" maxWidth="35" />
  <Score highScore="0" />
  <Birds>
    <Bird type="BirdRed"/>
  </Birds>
  <Slingshot x="-12.0" y="-2.5" />
  <GameObjects>
    <Pig type="BasicSmall" material="" x="-1.8221" y="-0.5525" rotation="1.1537" />
    <Block type="CircleSmall" material="wood" x="-2.0021" y="3.2984" rotation="0.0075" />
    <Block type="CircleSmall" material="stone" x="-0.9522" y="3.2984" rotation="0.0339" />
    <Block type="CircleSmall" material="ice" x="-3.0422" y="3.2984" rotation="0.0339" />
    <Platform type="Platform" material="" x="-1.9291" y="-0.9467" rotation="0.0" scaleX="2.791" scaleY="0.4938" />
    <Platform type="Platform" material="" x="-1.9072" y="2.9153" rotation="0.0" scaleX="4.6864" scaleY="0.4938" />
    <Platform type="Platform" material="" x="-2.6921" y="-0.4117" rotation="90.0" scaleX="2.1128" scaleY="0.4938" />
    <Platform type="Platform" material="" x="-0.9621" y="-0.4147" rotation="90.0" scaleX="2.1128" scaleY="0.4938" />
    <Block type="RectTiny" material="stone" x="6.5221" y="-3.39" rotation="0" />
    <Block type="CircleSmall" material="ice" x="-9.6983" y="-3.275" rotation="0" />
    <Platform type="Platform" material="" x="-0.8816" y="-3.18" rotation="0" scaleX="1.0" scaleY="1.0" />
  </GameObjects>
</Level>
