<?xml version="1.0" encoding="utf-16"?>
<Level width="2">
  <Camera x="0" y="-1" minWidth="25" maxWidth="35" />
  <Score highScore="0" />
  <Birds>
    <Bird type="BirdRed"/>
  </Birds>
  <Slingshot x="-12.0" y="-2.5" />
  <GameObjects>
    <Pig type="BasicSmall" material="" x="-1.661" y="-0.1326" rotation="1.1537" />
    <Block type="CircleSmall" material="wood" x="-1.841" y="3.7183" rotation="0.0075" />
    <Block type="CircleSmall" material="stone" x="-0.791" y="3.7183" rotation="0.0339" />
    <Block type="CircleSmall" material="ice" x="-2.881" y="3.7183" rotation="0.0339" />
    <Platform type="Platform" material="" x="-1.768" y="-0.5268" rotation="0.0" scaleX="2.791" scaleY="0.4938" />
    <Platform type="Platform" material="" x="-1.746" y="3.3352" rotation="0.0" scaleX="4.6864" scaleY="0.4938" />
    <Platform type="Platform" material="" x="-2.531" y="0.0082" rotation="90.0" scaleX="2.1128" scaleY="0.4938" />
    <Platform type="Platform" material="" x="-0.801" y="0.0052" rotation="90.0" scaleX="2.1128" scaleY="0.4938" />
    <Block type="CircleSmall" material="stone" x="2.697" y="-3.275" rotation="0" />
    <Block type="SquareTiny" material="ice" x="-6.4968" y="-3.39" rotation="0" />
    <Block type="TriangleHole" material="wood" x="5.0799" y="-3.09" rotation="0" />
  </GameObjects>
</Level>
