<?xml version="1.0" encoding="utf-16"?>
<Level width="2">
  <Camera x="0" y="-1" minWidth="25" maxWidth="35" />
  <Score highScore="0" />
  <Birds>
    <Bird type="BirdRed"/>
  </Birds>
  <Slingshot x="-12.0" y="-2.5" />
  <GameObjects>
    <Pig type="BasicSmall" material="" x="-3.1706" y="-0.3832" rotation="1.1537" />
    <Block type="CircleSmall" material="wood" x="-3.3506" y="3.4677" rotation="0.0075" />
    <Block type="CircleSmall" material="stone" x="-2.3007" y="3.4677" rotation="0.0339" />
    <Block type="CircleSmall" material="ice" x="-4.3907" y="3.4677" rotation="0.0339" />
    <Platform type="Platform" material="" x="-3.2776" y="-0.7774" rotation="0.0" scaleX="2.791" scaleY="0.4938" />
    <Platform type="Platform" material="" x="-3.2557" y="3.0846" rotation="0.0" scaleX="4.6864" scaleY="0.4938" />
    <Platform type="Platform" material="" x="-4.0406" y="-0.2424" rotation="90.0" scaleX="2.1128" scaleY="0.4938" />
    <Platform type="Platform" material="" x="-2.3106" y="-0.2454" rotation="90.0" scaleX="2.1128" scaleY="0.4938" />
    <Block type="Circle" material="stone" x="-5.1752" y="-3.1" rotation="0" />
    <Block type="RectFat" material="stone" x="5.7657" y="-3.285" rotation="0" />
    <Block type="CircleSmall" material="wood" x="8.9636" y="-3.275" rotation="0" />
  </GameObjects>
</Level>
