<?xml version="1.0" encoding="utf-16"?>
<Level width="2">
  <Camera x="0" y="-1" minWidth="25" maxWidth="35" />
  <Score highScore="0" />
  <Birds>
    <Bird type="BirdRed"/>
  </Birds>
  <Slingshot x="-12.0" y="-2.5" />
  <GameObjects>
    <Pig type="BasicSmall" material="" x="0.7134" y="-0.4424" rotation="1.1537" />
    <Block type="CircleSmall" material="wood" x="0.5334" y="3.4085" rotation="0.0075" />
    <Block type="CircleSmall" material="stone" x="1.5834" y="3.4085" rotation="0.0339" />
    <Block type="CircleSmall" material="ice" x="-0.5066" y="3.4085" rotation="0.0339" />
    <Platform type="Platform" material="" x="0.6064" y="-0.8366" rotation="0.0" scaleX="2.791" scaleY="0.4938" />
    <Platform type="Platform" material="" x="0.6284" y="3.0254" rotation="0.0" scaleX="4.6864" scaleY="0.4938" />
    <Platform type="Platform" material="" x="-0.1566" y="-0.3016" rotation="90.0" scaleX="2.1128" scaleY="0.4938" />
    <Platform type="Platform" material="" x="1.5734" y="-0.3046" rotation="90.0" scaleX="2.1128" scaleY="0.4938" />
    <Block type="RectFat" material="wood" x="6.4118" y="-3.285" rotation="0" />
    <Block type="TriangleHole" material="wood" x="-6.9305" y="-3.09" rotation="0" />
    <Block type="SquareHole" material="wood" x="-9.0385" y="-3.08" rotation="0" />
  </GameObjects>
</Level>
