<?xml version="1.0" encoding="utf-16"?>
<Level width="2">
  <Camera x="0" y="-1" minWidth="25" maxWidth="35" />
  <Score highScore="0" />
  <Birds>
    <Bird type="BirdRed"/>
  </Birds>
  <Slingshot x="-12.0" y="-2.5" />
  <GameObjects>
    <Pig type="BasicSmall" material="" x="-3.3523" y="-2.2702" rotation="1.1537" />
    <Block type="CircleSmall" material="wood" x="-3.5323" y="1.5807" rotation="0.0075" />
    <Block type="CircleSmall" material="stone" x="-2.4823" y="1.5807" rotation="0.0339" />
    <Block type="CircleSmall" material="ice" x="-4.5723" y="1.5807" rotation="0.0339" />
    <Platform type="Platform" material="" x="-3.4593" y="-2.6644" rotation="0.0" scaleX="2.791" scaleY="0.4938" />
    <Platform type="Platform" material="" x="-3.4373" y="1.1976" rotation="0.0" scaleX="4.6864" scaleY="0.4938" />
    <Platform type="Platform" material="" x="-4.2223" y="-2.1294" rotation="90.0" scaleX="2.1128" scaleY="0.4938" />
    <Platform type="Platform" material="" x="-2.4923" y="-2.1324" rotation="90.0" scaleX="2.1128" scaleY="0.4938" />
    <Block type="RectBig" material="ice" x="7.817" y="-3.39" rotation="0" />
    <Block type="SquareSmall" material="stone" x="4.2766" y="-3.285" rotation="0" />
    <Block type="RectTiny" material="stone" x="-5.93" y="-3.39" rotation="0" />
  </GameObjects>
</Level>
