<?xml version="1.0" encoding="utf-16"?>
<Level width="2">
  <Camera x="0" y="-1" minWidth="25" maxWidth="35" />
  <Score highScore="0" />
  <Birds>
    <Bird type="BirdRed"/>
  </Birds>
  <Slingshot x="-12.0" y="-2.5" />
  <GameObjects>
    <Pig type="BasicSmall" material="" x="-1.8566" y="-0.9811" rotation="1.1537" />
    <Block type="CircleSmall" material="wood" x="-2.0367" y="2.8697" rotation="0.0075" />
    <Block type="CircleSmall" material="stone" x="-0.9867" y="2.8698" rotation="0.0339" />
    <Block type="CircleSmall" material="ice" x="-3.0767" y="2.8698" rotation="0.0339" />
    <Platform type="Platform" material="" x="-1.9637" y="-1.3753" rotation="0.0" scaleX="2.791" scaleY="0.4938" />
    <Platform type="Platform" material="" x="-1.9417" y="2.4867" rotation="0.0" scaleX="4.6864" scaleY="0.4938" />
    <Platform type="Platform" material="" x="-2.7267" y="-0.8403" rotation="90.0" scaleX="2.1128" scaleY="0.4938" />
    <Platform type="Platform" material="" x="-0.9967" y="-0.8433" rotation="90.0" scaleX="2.1128" scaleY="0.4938" />
    <Platform type="Platform" material="" x="0.7362" y="-3.18" rotation="0" scaleX="1.0" scaleY="1.0" />
    <Block type="Triangle" material="ice" x="8.953" y="-3.09" rotation="0" />
    <Block type="RectFat" material="wood" x="-5.4018" y="-3.285" rotation="0" />
  </GameObjects>
</Level>
