<?xml version="1.0" encoding="utf-16"?>
<Level width="2">
  <Camera x="0" y="-1" minWidth="25" maxWidth="35" />
  <Score highScore="0" />
  <Birds>
    <Bird type="BirdRed"/>
  </Birds>
  <Slingshot x="-12.0" y="-2.5" />
  <GameObjects>
    <Pig type="BasicSmall" material="" x="-2.4575" y="-1.9172" rotation="1.1537" />
    <Block type="CircleSmall" material="wood" x="-2.6375" y="1.9337" rotation="0.0075" />
    <Block type="CircleSmall" material="stone" x="-1.5875" y="1.9337" rotation="0.0339" />
    <Block type="CircleSmall" material="ice" x="-3.6775" y="1.9337" rotation="0.0339" />
    <Platform type="Platform" material="" x="-2.5645" y="-2.3114" rotation="0.0" scaleX="2.791" scaleY="0.4938" />
    <Platform type="Platform" material="" x="-2.5425" y="1.5507" rotation="0.0" scaleX="4.6864" scaleY="0.4938" />
    <Platform type="Platform" material="" x="-3.3275" y="-1.7764" rotation="90.0" scaleX="2.1128" scaleY="0.4938" />
    <Platform type="Platform" material="" x="-1.5975" y="-1.7793" rotation="90.0" scaleX="2.1128" scaleY="0.4938" />
    <Block type="SquareSmall" material="wood" x="1.92" y="-3.285" rotation="0" />
    <Block type="SquareSmall" material="ice" x="-1.4281" y="-3.285" rotation="0" />
    <Block type="SquareSmall" material="stone" x="3.304" y="-3.285" rotation="0" />
  </GameObjects>
</Level>
