<?xml version="1.0" encoding="utf-16"?>
<Level width="2">
  <Camera x="0" y="-1" minWidth="25" maxWidth="35" />
  <Score highScore="0" />
  <Birds>
    <Bird type="BirdRed"/>
  </Birds>
  <Slingshot x="-12.0" y="-2.5" />
  <GameObjects>
    <Pig type="BasicSmall" material="" x="-3.4926" y="-1.9083" rotation="1.1537" />
    <Block type="CircleSmall" material="wood" x="-3.6726" y="1.9426" rotation="0.0075" />
    <Block type="CircleSmall" material="stone" x="-2.6226" y="1.9427" rotation="0.0339" />
    <Block type="CircleSmall" material="ice" x="-4.7126" y="1.9427" rotation="0.0339" />
    <Platform type="Platform" material="" x="-3.5996" y="-2.3024" rotation="0.0" scaleX="2.791" scaleY="0.4938" />
    <Platform type="Platform" material="" x="-3.5776" y="1.5596" rotation="0.0" scaleX="4.6864" scaleY="0.4938" />
    <Platform type="Platform" material="" x="-4.3626" y="-1.7674" rotation="90.0" scaleX="2.1128" scaleY="0.4938" />
    <Platform type="Platform" material="" x="-2.6326" y="-1.7704" rotation="90.0" scaleX="2.1128" scaleY="0.4938" />
    <Block type="RectSmall" material="ice" x="3.7044" y="-3.39" rotation="0" />
    <Block type="Circle" material="stone" x="5.7998" y="-3.1" rotation="0" />
    <Block type="SquareSmall" material="ice" x="-3.7649" y="-3.285" rotation="0" />
  </GameObjects>
</Level>
