<?xml version="1.0" encoding="utf-16"?>
<Level width="2">
  <Camera x="0" y="-1" minWidth="25" maxWidth="35" />
  <Score highScore="0" />
  <Birds>
    <Bird type="BirdRed"/>
  </Birds>
  <Slingshot x="-12.0" y="-2.5" />
  <GameObjects>
    <Pig type="BasicSmall" material="" x="-4.0443" y="-0.8357" rotation="1.1537" />
    <Block type="CircleSmall" material="wood" x="-4.2243" y="3.0152" rotation="0.0075" />
    <Block type="CircleSmall" material="stone" x="-3.1743" y="3.0152" rotation="0.0339" />
    <Block type="CircleSmall" material="ice" x="-5.2643" y="3.0152" rotation="0.0339" />
    <Platform type="Platform" material="" x="-4.1513" y="-1.2298" rotation="0.0" scaleX="2.791" scaleY="0.4938" />
    <Platform type="Platform" material="" x="-4.1293" y="2.6321" rotation="0.0" scaleX="4.6864" scaleY="0.4938" />
    <Platform type="Platform" material="" x="-4.9143" y="-0.6949" rotation="90.0" scaleX="2.1128" scaleY="0.4938" />
    <Platform type="Platform" material="" x="-3.1843" y="-0.6978" rotation="90.0" scaleX="2.1128" scaleY="0.4938" />
    <Block type="RectFat" material="stone" x="2.0159" y="-3.285" rotation="0" />
    <Block type="RectSmall" material="stone" x="3.8066" y="-3.39" rotation="0" />
    <Block type="Triangle" material="wood" x="0.0907" y="-3.09" rotation="0" />
  </GameObjects>
</Level>
