<?xml version="1.0" encoding="utf-16"?>
<Level width="2">
  <Camera x="0" y="-1" minWidth="25" maxWidth="35" />
  <Score highScore="0" />
  <Birds>
    <Bird type="BirdRed"/>
  </Birds>
  <Slingshot x="-12.0" y="-2.5" />
  <GameObjects>
    <Pig type="BasicSmall" material="" x="0.9535" y="-0.6884" rotation="1.1537" />
    <Block type="CircleSmall" material="wood" x="0.7735" y="3.1625" rotation="0.0075" />
    <Block type="CircleSmall" material="stone" x="1.8235" y="3.1625" rotation="0.0339" />
    <Block type="CircleSmall" material="ice" x="-0.2665" y="3.1625" rotation="0.0339" />
    <Platform type="Platform" material="" x="0.8465" y="-1.0826" rotation="0.0" scaleX="2.791" scaleY="0.4938" />
    <Platform type="Platform" material="" x="0.8685" y="2.7794" rotation="0.0" scaleX="4.6864" scaleY="0.4938" />
    <Platform type="Platform" material="" x="0.0835" y="-0.5476" rotation="90.0" scaleX="2.1128" scaleY="0.4938" />
    <Platform type="Platform" material="" x="1.8135" y="-0.5506" rotation="90.0" scaleX="2.1128" scaleY="0.4938" />
    <Block type="RectMedium" material="ice" x="4.4813" y="-3.39" rotation="0" />
    <Block type="Triangle" material="ice" x="-3.1972" y="-3.09" rotation="0" />
    <Block type="SquareTiny" material="ice" x="-9.8796" y="-3.39" rotation="0" />
  </GameObjects>
</Level>
