<?xml version="1.0" encoding="utf-16"?>
<Level width="2">
  <Camera x="0" y="-1" minWidth="25" maxWidth="35" />
  <Score highScore="0" />
  <Birds>
    <Bird type="BirdRed"/>
  </Birds>
  <Slingshot x="-12.0" y="-2.5" />
  <GameObjects>
    <Pig type="BasicSmall" material="" x="0.2435" y="-0.3958" rotation="1.1537" />
    <Block type="CircleSmall" material="wood" x="0.0635" y="3.4551" rotation="0.0075" />
    <Block type="CircleSmall" material="stone" x="1.1135" y="3.4552" rotation="0.0339" />
    <Block type="CircleSmall" material="ice" x="-0.9765" y="3.4552" rotation="0.0339" />
    <Platform type="Platform" material="" x="0.1365" y="-0.7899" rotation="0.0" scaleX="2.791" scaleY="0.4938" />
    <Platform type="Platform" material="" x="0.1585" y="3.0721" rotation="0.0" scaleX="4.6864" scaleY="0.4938" />
    <Platform type="Platform" material="" x="-0.6265" y="-0.2549" rotation="90.0" scaleX="2.1128" scaleY="0.4938" />
    <Platform type="Platform" material="" x="1.1035" y="-0.2579" rotation="90.0" scaleX="2.1128" scaleY="0.4938" />
    <Block type="Circle" material="wood" x="-0.8199" y="-3.1" rotation="0" />
    <Block type="Triangle" material="wood" x="7.0339" y="-3.09" rotation="0" />
    <Block type="SquareHole" material="wood" x="-4.9484" y="-3.08" rotation="0" />
  </GameObjects>
</Level>
