<?xml version="1.0" encoding="utf-16"?>
<Level width="2">
  <Camera x="0" y="-1" minWidth="25" maxWidth="35" />
  <Score highScore="0" />
  <Birds>
    <Bird type="BirdRed"/>
  </Birds>
  <Slingshot x="-12.0" y="-2.5" />
  <GameObjects>
    <Pig type="BasicSmall" material="" x="-4.1599" y="-1.8835" rotation="1.1537" />
    <Block type="CircleSmall" material="wood" x="-4.3399" y="1.9674" rotation="0.0075" />
    <Block type="CircleSmall" material="stone" x="-3.2899" y="1.9675" rotation="0.0339" />
    <Block type="CircleSmall" material="ice" x="-5.3799" y="1.9675" rotation="0.0339" />
    <Platform type="Platform" material="" x="-4.2669" y="-2.2776" rotation="0.0" scaleX="2.791" scaleY="0.4938" />
    <Platform type="Platform" material="" x="-4.2449" y="1.5844" rotation="0.0" scaleX="4.6864" scaleY="0.4938" />
    <Platform type="Platform" material="" x="-5.0299" y="-1.7426" rotation="90.0" scaleX="2.1128" scaleY="0.4938" />
    <Platform type="Platform" material="" x="-3.2999" y="-1.7456" rotation="90.0" scaleX="2.1128" scaleY="0.4938" />
    <Block type="RectMedium" material="ice" x="-5.039" y="-3.39" rotation="0" />
    <Block type="RectBig" material="wood" x="-0.6976" y="-3.39" rotation="0" />
    <Block type="SquareSmall" material="wood" x="6.9892" y="-3.285" rotation="0" />
  </GameObjects>
</Level>
