<?xml version="1.0" encoding="utf-16"?>
<Level width="2">
  <Camera x="0" y="-1" minWidth="25" maxWidth="35" />
  <Score highScore="0" />
  <Birds>
    <Bird type="BirdRed"/>
  </Birds>
  <Slingshot x="-12.0" y="-2.5" />
  <GameObjects>
    <Pig type="BasicSmall" material="" x="-0.22" y="-1.1659" rotation="1.1537" />
    <Block type="CircleSmall" material="wood" x="-0.4" y="2.6849" rotation="0.0075" />
    <Block type="CircleSmall" material="stone" x="0.65" y="2.685" rotation="0.0339" />
    <Block type="CircleSmall" material="ice" x="-1.44" y="2.685" rotation="0.0339" />
    <Platform type="Platform" material="" x="-0.327" y="-1.5601" rotation="0.0" scaleX="2.791" scaleY="0.4938" />
    <Platform type="Platform" material="" x="-0.305" y="2.3019" rotation="0.0" scaleX="4.6864" scaleY="0.4938" />
    <Platform type="Platform" material="" x="-1.09" y="-1.0251" rotation="90.0" scaleX="2.1128" scaleY="0.4938" />
    <Platform type="Platform" material="" x="0.64" y="-1.0281" rotation="90.0" scaleX="2.1128" scaleY="0.4938" />
    <Block type="Triangle" material="ice" x="7.718" y="-3.09" rotation="0" />
    <Block type="RectSmall" material="ice" x="-0.989" y="-3.39" rotation="0" />
    <Block type="Circle" material="wood" x="-3.8037" y="-3.1" rotation="0" />
  </GameObjects>
</Level>
