<?xml version="1.0" encoding="utf-16"?>
<Level width="2">
  <Camera x="0" y="-1" minWidth="25" maxWidth="35" />
  <Score highScore="0" />
  <Birds>
    <Bird type="BirdRed"/>
  </Birds>
  <Slingshot x="-12.0" y="-2.5" />
  <GameObjects>
    <Pig type="BasicSmall" material="" x="-3.2438" y="-1.7752" rotation="1.1537" />
    <Block type="CircleSmall" material="wood" x="-3.4238" y="2.0757" rotation="0.0075" />
    <Block type="CircleSmall" material="stone" x="-2.3738" y="2.0758" rotation="0.0339" />
    <Block type="CircleSmall" material="ice" x="-4.4638" y="2.0758" rotation="0.0339" />
    <Platform type="Platform" material="" x="-3.3508" y="-2.1693" rotation="0.0" scaleX="2.791" scaleY="0.4938" />
    <Platform type="Platform" material="" x="-3.3288" y="1.6927" rotation="0.0" scaleX="4.6864" scaleY="0.4938" />
    <Platform type="Platform" material="" x="-4.1138" y="-1.6343" rotation="90.0" scaleX="2.1128" scaleY="0.4938" />
    <Platform type="Platform" material="" x="-2.3838" y="-1.6373" rotation="90.0" scaleX="2.1128" scaleY="0.4938" />
    <Block type="CircleSmall" material="ice" x="-2.1374" y="-3.275" rotation="0" />
    <Block type="TriangleHole" material="stone" x="2.3912" y="-3.09" rotation="0" />
    <Platform type="Platform" material="" x="-0.0672" y="-3.18" rotation="0" scaleX="1.0" scaleY="1.0" />
  </GameObjects>
</Level>
