<?xml version="1.0" encoding="utf-16"?>
<Level width="2">
  <Camera x="0" y="-1" minWidth="25" maxWidth="35" />
  <Score highScore="0" />
  <Birds>
    <Bird type="BirdRed"/>
  </Birds>
  <Slingshot x="-12.0" y="-2.5" />
  <GameObjects>
    <Pig type="BasicSmall" material="" x="-2.424" y="-0.4751" rotation="1.1537" />
    <Block type="CircleSmall" material="wood" x="-2.604" y="3.3758" rotation="0.0075" />
    <Block type="CircleSmall" material="stone" x="-1.554" y="3.3759" rotation="0.0339" />
    <Block type="CircleSmall" material="ice" x="-3.644" y="3.3759" rotation="0.0339" />
    <Platform type="Platform" material="" x="-2.531" y="-0.8692" rotation="0.0" scaleX="2.791" scaleY="0.4938" />
    <Platform type="Platform" material="" x="-2.509" y="2.9928" rotation="0.0" scaleX="4.6864" scaleY="0.4938" />
    <Platform type="Platform" material="" x="-3.294" y="-0.3342" rotation="90.0" scaleX="2.1128" scaleY="0.4938" />
    <Platform type="Platform" material="" x="-1.564" y="-0.3372" rotation="90.0" scaleX="2.1128" scaleY="0.4938" />
    <Block type="RectSmall" material="wood" x="7.647" y="-3.39" rotation="0" />
    <Platform type="Platform" material="" x="-8.0962" y="-3.18" rotation="0" scaleX="1.0" scaleY="1.0" />
    <Block type="RectSmall" material="stone" x="-0.8136" y="-3.39" rotation="0" />
  </GameObjects>
</Level>
