<?xml version="1.0" encoding="utf-16"?>
<Level width="2">
  <Camera x="0" y="-1" minWidth="25" maxWidth="35" />
  <Score highScore="0" />
  <Birds>
    <Bird type="BirdRed"/>
  </Birds>
  <Slingshot x="-12.0" y="-2.5" />
  <GameObjects>
    <Pig type="BasicSmall" material="" x="5.4906" y="0.1971" rotation="1.0769" />
    <Platform type="Platform" material="" x="5.4829" y="-0.2842" rotation="0.0" scaleX="2.089" scaleY="0.763" />
    <Block type="CircleSmall" material="ice" x="-1.6703" y="-3.275" rotation="0" />
    <Block type="SquareHole" material="stone" x="8.9071" y="-3.08" rotation="0" />
    <Block type="SquareTiny" material="stone" x="-6.8847" y="-3.39" rotation="0" />
  </GameObjects>
</Level>
