<?xml version="1.0" encoding="utf-16"?>
<Level width="2">
  <Camera x="0" y="-1" minWidth="25" maxWidth="35" />
  <Score highScore="0" />
  <Birds>
    <Bird type="BirdRed"/>
  </Birds>
  <Slingshot x="-12.0" y="-2.5" />
  <GameObjects>
    <Pig type="BasicSmall" material="" x="2.6508" y="-1.0776" rotation="1.0769" />
    <Platform type="Platform" material="" x="2.6431" y="-1.5588" rotation="0.0" scaleX="2.089" scaleY="0.763" />
    <Block type="RectMedium" material="stone" x="-7.8401" y="-3.39" rotation="0" />
    <Block type="SquareSmall" material="ice" x="2.5164" y="-3.285" rotation="0" />
    <Block type="RectTiny" material="ice" x="6.3077" y="-3.39" rotation="0" />
  </GameObjects>
</Level>
