<?xml version="1.0" encoding="utf-16"?>
<Level width="2">
  <Camera x="0" y="-1" minWidth="25" maxWidth="35" />
  <Score highScore="0" />
  <Birds>
    <Bird type="BirdRed"/>
  </Birds>
  <Slingshot x="-12.0" y="-2.5" />
  <GameObjects>
    <Pig type="BasicSmall" material="" x="5.4845" y="-0.5912" rotation="1.0769" />
    <Platform type="Platform" material="" x="5.4768" y="-1.0725" rotation="0.0" scaleX="2.089" scaleY="0.763" />
    <Block type="Triangle" material="wood" x="-0.3531" y="-3.09" rotation="0" />
    <Block type="RectSmall" material="stone" x="5.679" y="-3.39" rotation="0" />
    <Block type="SquareTiny" material="stone" x="2.8272" y="-3.39" rotation="0" />
  </GameObjects>
</Level>
