<?xml version="1.0" encoding="utf-16"?>
<Level width="2">
  <Camera x="0" y="-1" minWidth="25" maxWidth="35" />
  <Score highScore="0" />
  <Birds>
    <Bird type="BirdRed"/>
  </Birds>
  <Slingshot x="-12.0" y="-2.5" />
  <GameObjects>
    <Pig type="BasicSmall" material="" x="5.9783" y="-1.0423" rotation="1.0769" />
    <Platform type="Platform" material="" x="5.9706" y="-1.5236" rotation="0.0" scaleX="2.089" scaleY="0.763" />
    <Block type="RectFat" material="wood" x="6.3405" y="-3.285" rotation="0" />
    <Block type="CircleSmall" material="stone" x="-2.0066" y="-3.275" rotation="0" />
    <Block type="Circle" material="ice" x="-6.5762" y="-3.1" rotation="0" />
  </GameObjects>
</Level>
