<?xml version="1.0" encoding="utf-16"?>
<Level width="2">
  <Camera x="0" y="-1" minWidth="25" maxWidth="35" />
  <Score highScore="0" />
  <Birds>
    <Bird type="BirdRed"/>
  </Birds>
  <Slingshot x="-12.0" y="-2.5" />
  <GameObjects>
    <Pig type="BasicSmall" material="" x="1.1303" y="-0.8101" rotation="1.0769" />
    <Platform type="Platform" material="" x="1.1226" y="-1.2914" rotation="0.0" scaleX="2.089" scaleY="0.763" />
    <Block type="RectBig" material="stone" x="-0.8516" y="-3.39" rotation="0" />
    <Block type="TriangleHole" material="wood" x="2.8406" y="-3.09" rotation="0" />
    <Block type="SquareHole" material="wood" x="7.0311" y="-3.08" rotation="0" />
  </GameObjects>
</Level>
