<?xml version="1.0" encoding="utf-16"?>
<Level width="2">
  <Camera x="0" y="-1" minWidth="25" maxWidth="35" />
  <Score highScore="0" />
  <Birds>
    <Bird type="BirdRed"/>
  </Birds>
  <Slingshot x="-12.0" y="-2.5" />
  <GameObjects>
    <Pig type="BasicSmall" material="" x="-6.4536" y="-0.1491" rotation="1.0769" />
    <Platform type="Platform" material="" x="-6.4614" y="-0.6304" rotation="0.0" scaleX="2.089" scaleY="0.763" />
    <Block type="RectMedium" material="stone" x="3.8786" y="-3.39" rotation="0" />
    <Block type="Triangle" material="ice" x="6.5333" y="-3.09" rotation="0" />
    <Block type="Triangle" material="wood" x="8.0873" y="-3.09" rotation="0" />
  </GameObjects>
</Level>
