<?xml version="1.0" encoding="utf-16"?>
<Level width="2">
  <Camera x="0" y="-1" minWidth="25" maxWidth="35" />
  <Score highScore="0" />
  <Birds>
    <Bird type="BirdRed"/>
  </Birds>
  <Slingshot x="-12.0" y="-2.5" />
  <GameObjects>
    <Pig type="BasicSmall" material="" x="-4.8399" y="-2.6732" rotation="1.0769" />
    <Platform type="Platform" material="" x="-4.8476" y="-3.1544" rotation="0.0" scaleX="2.089" scaleY="0.763" />
    <Block type="Circle" material="stone" x="-1.1617" y="-3.1" rotation="0" />
    <Block type="RectMedium" material="wood" x="5.7054" y="-3.39" rotation="0" />
    <Block type="RectSmall" material="ice" x="-9.5892" y="-3.39" rotation="0" />
  </GameObjects>
</Level>
