<?xml version="1.0" encoding="utf-16"?>
<Level width="2">
  <Camera x="0" y="-1" minWidth="25" maxWidth="35" />
  <Score highScore="0" />
  <Birds>
    <Bird type="BirdRed"/>
  </Birds>
  <Slingshot x="-12.0" y="-2.5" />
  <GameObjects>
    <Pig type="BasicSmall" material="" x="1.8853" y="-2.6421" rotation="1.0769" />
    <Platform type="Platform" material="" x="1.8775" y="-3.1234" rotation="0.0" scaleX="2.089" scaleY="0.763" />
    <Block type="CircleSmall" material="stone" x="-7.7407" y="-3.275" rotation="0" />
    <Block type="TriangleHole" material="wood" x="0.109" y="-3.09" rotation="0" />
    <Block type="SquareSmall" material="ice" x="-6.2963" y="-3.285" rotation="0" />
  </GameObjects>
</Level>
