<?xml version="1.0" encoding="utf-16"?>
<Level width="2">
  <Camera x="0" y="-1" minWidth="25" maxWidth="35" />
  <Score highScore="0" />
  <Birds>
    <Bird type="BirdRed"/>
  </Birds>
  <Slingshot x="-12.0" y="-2.5" />
  <GameObjects>
    <Pig type="BasicSmall" material="" x="-4.9607" y="1.8291" rotation="1.0769" />
    <Platform type="Platform" material="" x="-4.9684" y="1.3478" rotation="0.0" scaleX="2.089" scaleY="0.763" />
    <Block type="RectBig" material="ice" x="-8.9406" y="-3.39" rotation="0" />
    <Block type="Circle" material="wood" x="6.7921" y="-3.1" rotation="0" />
    <Block type="TriangleHole" material="stone" x="-2.9538" y="-3.09" rotation="0" />
  </GameObjects>
</Level>
