<?xml version="1.0" encoding="utf-16"?>
<Level width="2">
  <Camera x="0" y="-1" minWidth="25" maxWidth="35" />
  <Score highScore="0" />
  <Birds>
    <Bird type="BirdRed"/>
  </Birds>
  <Slingshot x="-12.0" y="-2.5" />
  <GameObjects>
    <Pig type="BasicSmall" material="" x="4.1263" y="0.6442" rotation="1.0769" />
    <Platform type="Platform" material="" x="4.1186" y="0.1629" rotation="0.0" scaleX="2.089" scaleY="0.763" />
    <Platform type="Platform" material="" x="-3.5139" y="-3.18" rotation="0" scaleX="1.0" scaleY="1.0" />
    <Block type="Triangle" material="ice" x="4.4444" y="-3.09" rotation="0" />
    <Block type="RectSmall" material="wood" x="-0.2552" y="-3.39" rotation="0" />
  </GameObjects>
</Level>
