<?xml version="1.0" encoding="utf-16"?>
<Level width="2">
  <Camera x="0" y="-1" minWidth="25" maxWidth="35" />
  <Score highScore="0" />
  <Birds>
    <Bird type="BirdRed"/>
  </Birds>
  <Slingshot x="-12.0" y="-2.5" />
  <GameObjects>
    <Pig type="BasicSmall" material="" x="-5.5221" y="-1.7103" rotation="1.0769" />
    <Platform type="Platform" material="" x="-5.5298" y="-2.1916" rotation="0.0" scaleX="2.089" scaleY="0.763" />
    <Block type="RectMedium" material="stone" x="-5.6802" y="-3.39" rotation="0" />
    <Block type="SquareSmall" material="wood" x="7.8536" y="-3.285" rotation="0" />
    <Block type="Triangle" material="wood" x="-0.7547" y="-3.09" rotation="0" />
  </GameObjects>
</Level>
