<?xml version="1.0" encoding="utf-16"?>
<Level width="2">
  <Camera x="0" y="-1" minWidth="25" maxWidth="35" />
  <Score highScore="0" />
  <Birds>
    <Bird type="BirdRed"/>
  </Birds>
  <Slingshot x="-12.0" y="-2.5" />
  <GameObjects>
    <Pig type="BasicSmall" material="" x="-1.3439" y="1.5782" rotation="1.0769" />
    <Platform type="Platform" material="" x="-1.3517" y="1.0969" rotation="0.0" scaleX="2.089" scaleY="0.763" />
    <Block type="RectTiny" material="stone" x="-7.6208" y="-3.39" rotation="0" />
    <Block type="Triangle" material="ice" x="0.9144" y="-3.09" rotation="0" />
    <Block type="SquareSmall" material="stone" x="-4.1754" y="-3.285" rotation="0" />
  </GameObjects>
</Level>
