<?xml version="1.0" encoding="utf-16"?>
<Level width="2">
  <Camera x="0" y="-1" minWidth="25" maxWidth="35" />
  <Score highScore="0" />
  <Birds>
    <Bird type="BirdRed"/>
  </Birds>
  <Slingshot x="-12.0" y="-2.5" />
  <GameObjects>
    <Pig type="BasicSmall" material="" x="-5.4587" y="3.9714" rotation="1.0769" />
    <Platform type="Platform" material="" x="-5.4664" y="3.4902" rotation="0.0" scaleX="2.089" scaleY="0.763" />
    <Block type="RectFat" material="stone" x="-7.7083" y="-3.285" rotation="0" />
    <Block type="RectFat" material="stone" x="7.6398" y="-3.285" rotation="0" />
    <Block type="RectFat" material="wood" x="3.5551" y="-3.285" rotation="0" />
  </GameObjects>
</Level>
