<?xml version="1.0" encoding="utf-16"?>
<Level width="2">
  <Camera x="0" y="-1" minWidth="25" maxWidth="35" />
  <Score highScore="0" />
  <Birds>
    <Bird type="BirdRed"/>
  </Birds>
  <Slingshot x="-12.0" y="-2.5" />
  <GameObjects>
    <Pig type="BasicSmall" material="" x="-0.3567" y="-1.0419" rotation="1.0769" />
    <Platform type="Platform" material="" x="-0.3644" y="-1.5232" rotation="0.0" scaleX="2.089" scaleY="0.763" />
    <Block type="TriangleHole" material="wood" x="-5.8117" y="-3.09" rotation="0" />
    <Block type="SquareSmall" material="stone" x="2.2954" y="-3.285" rotation="0" />
    <Block type="RectMedium" material="stone" x="6.9568" y="-3.39" rotation="0" />
  </GameObjects>
</Level>
