<?xml version="1.0" encoding="utf-16"?>
<Level width="2">
  <Camera x="0" y="-1" minWidth="25" maxWidth="35" />
  <Score highScore="0" />
  <Birds>
    <Bird type="BirdRed"/>
  </Birds>
  <Slingshot x="-12.0" y="-2.5" />
  <GameObjects>
    <Pig type="BasicSmall" material="" x="-6.8788" y="-0.1001" rotation="1.0769" />
    <Platform type="Platform" material="" x="-6.8865" y="-0.5814" rotation="0.0" scaleX="2.089" scaleY="0.763" />
    <Block type="TriangleHole" material="ice" x="-5.846" y="-3.09" rotation="0" />
    <Block type="SquareSmall" material="ice" x="6.7122" y="-3.285" rotation="0" />
    <Block type="RectSmall" material="ice" x="3.5283" y="-3.39" rotation="0" />
  </GameObjects>
</Level>
