<?xml version="1.0" encoding="utf-16"?>
<Level width="2">
  <Camera x="0" y="-1" minWidth="25" maxWidth="35" />
  <Score highScore="0" />
  <Birds>
    <Bird type="BirdRed"/>
  </Birds>
  <Slingshot x="-12.0" y="-2.5" />
  <GameObjects>
    <Pig type="BasicSmall" material="" x="-0.0366" y="-0.1" rotation="1.0769" />
    <Platform type="Platform" material="" x="-0.0444" y="-0.5813" rotation="0.0" scaleX="2.089" scaleY="0.763" />
    <Block type="Circle" material="stone" x="-3.3061" y="-3.1" rotation="0" />
    <Block type="SquareTiny" material="wood" x="-1.405" y="-3.39" rotation="0" />
    <Block type="RectMedium" material="stone" x="8.6848" y="-3.39" rotation="0" />
  </GameObjects>
</Level>
