<?xml version="1.0" encoding="utf-16"?>
<Level width="2">
  <Camera x="0" y="-1" minWidth="25" maxWidth="35" />
  <Score highScore="0" />
  <Birds>
    <Bird type="BirdRed"/>
  </Birds>
  <Slingshot x="-12.0" y="-2.5" />
  <GameObjects>
    <Pig type="BasicSmall" material="" x="-2.5193" y="3.5821" rotation="1.0769" />
    <Platform type="Platform" material="" x="-2.527" y="3.1008" rotation="0.0" scaleX="2.089" scaleY="0.763" />
    <Block type="RectMedium" material="ice" x="-2.3541" y="-3.39" rotation="0" />
    <Block type="Circle" material="wood" x="3.7093" y="-3.1" rotation="0" />
    <Block type="TriangleHole" material="ice" x="7.0683" y="-3.09" rotation="0" />
  </GameObjects>
</Level>
