<?xml version="1.0" encoding="utf-16"?>
<Level width="2">
  <Camera x="0" y="-1" minWidth="25" maxWidth="35" />
  <Score highScore="0" />
  <Birds>
    <Bird type="BirdRed"/>
  </Birds>
  <Slingshot x="-12.0" y="-2.5" />
  <GameObjects>
    <Pig type="BasicSmall" material="" x="-2.9528" y="-1.2794" rotation="1.0769" />
    <Platform type="Platform" material="" x="-2.9605" y="-1.7607" rotation="0.0" scaleX="2.089" scaleY="0.763" />
    <Block type="Circle" material="stone" x="-3.032" y="-3.1" rotation="0" />
    <Block type="SquareHole" material="wood" x="8.0223" y="-3.08" rotation="0" />
    <Platform type="Platform" material="" x="1.7495" y="-3.18" rotation="0" scaleX="1.0" scaleY="1.0" />
  </GameObjects>
</Level>
