<?xml version="1.0" encoding="utf-16"?>
<Level width="2">
  <Camera x="0" y="-1" minWidth="25" maxWidth="35" />
  <Score highScore="0" />
  <Birds>
    <Bird type="BirdRed"/>
  </Birds>
  <Slingshot x="-12.0" y="-2.5" />
  <GameObjects>
    <Pig type="BasicSmall" material="" x="-5.6209" y="-0.0742" rotation="1.0769" />
    <Platform type="Platform" material="" x="-5.6286" y="-0.5555" rotation="0.0" scaleX="2.089" scaleY="0.763" />
    <Platform type="Platform" material="" x="7.335" y="-3.18" rotation="0" scaleX="1.0" scaleY="1.0" />
    <Block type="RectTiny" material="stone" x="-4.5148" y="-3.39" rotation="0" />
    <Block type="TriangleHole" material="stone" x="-9.3802" y="-3.09" rotation="0" />
  </GameObjects>
</Level>
