<?xml version="1.0" encoding="utf-16"?>
<Level width="2">
  <Camera x="0" y="-1" minWidth="25" maxWidth="35" />
  <Score highScore="0" />
  <Birds>
    <Bird type="BirdRed"/>
  </Birds>
  <Slingshot x="-12.0" y="-2.5" />
  <GameObjects>
    <Pig type="BasicSmall" material="" x="4.3561" y="-1.3824" rotation="1.0769" />
    <Platform type="Platform" material="" x="4.3484" y="-1.8637" rotation="0.0" scaleX="2.089" scaleY="0.763" />
    <Block type="RectMedium" material="stone" x="-3.634" y="-3.39" rotation="0" />
    <Block type="SquareTiny" material="wood" x="-7.8243" y="-3.39" rotation="0" />
    <Platform type="Platform" material="" x="1.8481" y="-3.18" rotation="0" scaleX="1.0" scaleY="1.0" />
  </GameObjects>
</Level>
