<?xml version="1.0" encoding="utf-16"?>
<Level width="2">
  <Camera x="0" y="-1" minWidth="25" maxWidth="35" />
  <Score highScore="0" />
  <Birds>
    <Bird type="BirdRed"/>
  </Birds>
  <Slingshot x="-12.0" y="-2.5" />
  <GameObjects>
    <Pig type="BasicSmall" material="" x="0.1092" y="1.0206" rotation="1.0769" />
    <Platform type="Platform" material="" x="0.1015" y="0.5394" rotation="0.0" scaleX="2.089" scaleY="0.763" />
    <Block type="Circle" material="stone" x="-6.2257" y="-3.1" rotation="0" />
    <Block type="Circle" material="wood" x="7.7215" y="-3.1" rotation="0" />
    <Block type="TriangleHole" material="ice" x="-4.5847" y="-3.09" rotation="0" />
  </GameObjects>
</Level>
