<?xml version="1.0" encoding="utf-16"?>
<Level width="2">
  <Camera x="0" y="-1" minWidth="25" maxWidth="35" />
  <Score highScore="0" />
  <Birds>
    <Bird type="BirdRed"/>
  </Birds>
  <Slingshot x="-12.0" y="-2.5" />
  <GameObjects>
    <Pig type="BasicSmall" material="" x="2.5886" y="-0.1213" rotation="1.0769" />
    <Platform type="Platform" material="" x="2.5809" y="-0.6026" rotation="0.0" scaleX="2.089" scaleY="0.763" />
    <Block type="RectFat" material="stone" x="-2.2056" y="-3.285" rotation="0" />
    <Block type="RectTiny" material="stone" x="6.4216" y="-3.39" rotation="0" />
    <Block type="Triangle" material="stone" x="3.1412" y="-3.09" rotation="0" />
  </GameObjects>
</Level>
