<?xml version="1.0" encoding="utf-16"?>
<Level width="2">
  <Camera x="0" y="-1" minWidth="25" maxWidth="35" />
  <Score highScore="0" />
  <Birds>
    <Bird type="BirdRed"/>
  </Birds>
  <Slingshot x="-12.0" y="-2.5" />
  <GameObjects>
    <Pig type="BasicSmall" material="" x="-4.2555" y="-2.464" rotation="1.0769" />
    <Platform type="Platform" material="" x="-4.2632" y="-2.9453" rotation="0.0" scaleX="2.089" scaleY="0.763" />
    <Block type="RectBig" material="stone" x="-7.8598" y="-3.39" rotation="0" />
    <Block type="TriangleHole" material="ice" x="2.3825" y="-3.09" rotation="0" />
    <Platform type="Platform" material="" x="-2.4828" y="-3.18" rotation="0" scaleX="1.0" scaleY="1.0" />
  </GameObjects>
</Level>
