<?xml version="1.0" encoding="utf-16"?>
<Level width="2">
  <Camera x="0" y="-1" minWidth="25" maxWidth="35" />
  <Score highScore="0" />
  <Birds>
    <Bird type="BirdRed"/>
  </Birds>
  <Slingshot x="-12.0" y="-2.5" />
  <GameObjects>
    <Pig type="BasicSmall" material="" x="-5.1911" y="-2.5737" rotation="1.0769" />
    <Platform type="Platform" material="" x="-5.1988" y="-3.0549" rotation="0.0" scaleX="2.089" scaleY="0.763" />
    <Block type="CircleSmall" material="stone" x="-8.5722" y="-3.275" rotation="0" />
    <Block type="SquareHole" material="stone" x="9.1972" y="-3.08" rotation="0" />
    <Block type="Circle" material="ice" x="2.5376" y="-3.1" rotation="0" />
  </GameObjects>
</Level>
