<?xml version="1.0" encoding="utf-16"?>
<Level width="2">
  <Camera x="0" y="-1" minWidth="25" maxWidth="35" />
  <Score highScore="0" />
  <Birds>
    <Bird type="BirdRed"/>
  </Birds>
  <Slingshot x="-12.0" y="-2.5" />
  <GameObjects>
    <Pig type="BasicSmall" material="" x="5.8686" y="-0.6647" rotation="1.0769" />
    <Platform type="Platform" material="" x="5.8608" y="-1.1459" rotation="0.0" scaleX="2.089" scaleY="0.763" />
    <Block type="RectTiny" material="ice" x="-6.1858" y="-3.39" rotation="0" />
    <Platform type="Platform" material="" x="1.5303" y="-3.18" rotation="0" scaleX="1.0" scaleY="1.0" />
    <Block type="CircleSmall" material="stone" x="3.9921" y="-3.275" rotation="0" />
  </GameObjects>
</Level>
