<?xml version="1.0" encoding="utf-16"?>
<Level width="2">
  <Camera x="0" y="-1" minWidth="25" maxWidth="35" />
  <Score highScore="0" />
  <Birds>
    <Bird type="BirdRed"/>
  </Birds>
  <Slingshot x="-12.0" y="-2.5" />
  <GameObjects>
    <Pig type="BasicSmall" material="" x="-1.927" y="1.0476" rotation="1.0769" />
    <Platform type="Platform" material="" x="-1.9347" y="0.5663" rotation="0.0" scaleX="2.089" scaleY="0.763" />
    <Platform type="Platform" material="" x="-1.1711" y="-3.18" rotation="0" scaleX="1.0" scaleY="1.0" />
    <Block type="RectSmall" material="stone" x="3.7604" y="-3.39" rotation="0" />
    <Block type="SquareHole" material="ice" x="5.2719" y="-3.08" rotation="0" />
  </GameObjects>
</Level>
